Year,DoY,season,daily_NEE,daily_GPP,daily_Reco
2022,1,Winter,-0.0758934484,-0.0991384369,0.0232438676
2022,2,Winter,-0.3310351683,-0.354992752,0.0239615222
2022,3,Winter,-0.08417587019999999,-0.0963618578,0.0121864654
2022,4,Winter,-0.3755779996,-0.385839404,0.0102605952
2022,5,Winter,-0.134298326,-0.1496158394,0.0153152832
2022,6,Winter,-0.1916652632,-0.2108021092,0.0191447415
2022,7,Winter,-0.5831620152,-0.5985784785,0.015427957
2022,8,Winter,-0.1481627762,-0.15605327670000002,0.0078884411
2022,9,Winter,0.7358231302,0.7170386824,0.0187826012
2022,10,Winter,-0.1504884991,-0.1765188073,0.0260337994
2022,11,Winter,0.14148556119999997,0.1160182555,0.0254674851
2022,12,Winter,-0.2664654428,-0.43035642139999997,0.1638923767
2022,13,Winter,0.18045979709999999,-0.1761512104,0.3566130638
2022,14,Winter,0.7399028079,0.2254854772,0.5144211517
2022,15,Winter,0.1595983174,0.05670776330000001,0.1028917601
2022,16,Winter,-0.57706882,-0.8089038457000001,0.2318469299
2022,17,Winter,0.4501821884,-0.6661379981,1.1163148193
2022,18,Winter,0.6932935634,0.011790901000000013,0.6815013112
2022,19,Winter,0.06185924280000001,-0.8859737223999999,0.9478294668
2022,20,Winter,0.8822582328,-0.21694655799999998,1.099192211
2022,21,Winter,-0.4867110386,-0.8507778004000001,0.3640637583
2022,22,Winter,-0.3962505346,-0.8221049252,0.4258520026
2022,23,Winter,0.017130527800000007,-0.9558722275,0.9730077152
2022,24,Winter,-0.04622885719999998,-1.0754256972,1.0292021258
2022,25,Winter,0.4346890542,-1.100448328,1.5351491448
2022,26,Winter,-0.48505303839999997,-1.2270622861,0.7420171096
2022,27,Winter,-1.0415252932,-1.631371752,0.5898357274
2022,28,Winter,0.04139406,-1.482831255,1.524229891
2022,29,Winter,-0.5062128567,-1.4265578229,0.9203446111
2022,30,Winter,-0.20350526500000002,-0.9406002386,0.7371023626
2022,31,Winter,-0.650869901,-1.4887968484,0.8379230588
2022,32,Winter,-0.5252890598,-1.8849971615,1.3596947152
2022,33,Winter,2.2727168332,-0.4993020144,2.7720027141
2022,34,Winter,2.069247644,-1.4060652618,3.4752873652
2022,35,Winter,0.4100074066,-1.441778485,1.8517799489
2022,36,Winter,-0.5389829412,-1.6004396012,1.0614547851
2022,37,Winter,-0.633377594,-1.4432408037,0.8098716633
2022,38,Winter,-0.13595597200000004,-1.7396134403,1.6036484651
2022,39,Winter,-0.08127339160000001,-2.531830997,2.4505557941
2022,40,Winter,1.7718012584,-0.2769873424,2.0487607643
2022,41,Winter,-0.21107602009999998,-2.3187448796,2.1076661142
2022,42,Winter,-1.4388456918,-3.7978368905999997,2.3589968852
2022,43,Winter,-1.262012643,-4.0933046730000004,2.8312842084
2022,44,Winter,0.05904946648000001,-1.1396313526,1.1986827556
2022,45,Winter,0.1658499869,-0.42495081939999996,0.5907983648
2022,46,Winter,-0.06043157399999999,-0.5986389646,0.5382152063
2022,47,Winter,-0.9227199906,-1.9465529,1.0238382298
2022,48,Winter,1.6340914863,-0.7306391796,2.3647501573
2022,49,Winter,3.1195472598,1.6115727338,1.507938374
2022,50,Winter,-0.328303367,-0.9276536664,0.5993578472
2022,51,Winter,-0.1703797044,-0.6409689554,0.4705879912
2022,52,Winter,-0.24760572379999998,-1.1584734554,0.9108682801
2022,53,Winter,-0.3540964511,-1.111789502,0.7576928724
2022,54,Winter,-1.3355237618,-2.3640178786,1.0284860653
2022,55,Winter,0.72906388070000006,0.4997587783,0.2293050251
2022,56,Winter,-0.1731114104,-0.3001973798,0.1270805087
2022,57,Winter,-0.8372897414,-0.9319708332,0.0946838032
2022,58,Winter,-0.7744274326,-0.9079702006,0.1335376561
2022,59,Winter,-0.8342672101999999,-0.8960612976,0.0617963735
2022,60,Winter,-0.2560566026,-0.3241702039,0.0681162981
2022,61,Winter,0.02531129910000001,-0.05820747919999999,0.0835183922
2022,62,Winter,-0.3474562828,-0.4317982441,0.0843483326
2022,63,Winter,-1.0372612828,-1.1146240751,0.0773534243
2022,64,Winter,-0.5659465707,-0.7037819459,0.1378353657
2022,65,Winter,-0.6000229882,-1.061523715343,0.4615014049
2022,66,Winter,-0.8197456124,-1.4782827236,0.6585302215
2022,67,Winter,1.4772817963,0.8717350868,0.6055106274
2022,68,Winter,0.03253085559999999,-0.552294164,0.5848249969
2022,69,Winter,0.3794213073,-0.506956078,0.8863812593
2022,70,Winter,0.9275108989999999,-0.314651099,1.2421613345
2022,71,Winter,0.7082811979,-0.6649748708,1.3732542401
2022,72,Winter,0.6329138348,-0.6186943292,1.2516131561000001
2022,73,Winter,1.203115161,-1.1160857016,2.3192079487
2022,74,Winter,0.4708348167,-2.39618062,2.8670027631
2022,75,Winter,1.1240351864,-1.3537693272,2.4778007047
2022,76,Winter,1.0629014396,-1.4111251818,2.4740291311
2022,77,Winter,1.6562409944,-1.3976676462,3.0539117458
2022,78,Winter,1.2825819936,-0.7078053489,1.990381488
2022,79,Spring,0.8309521271,-1.0005649404,1.8315188962
2022,80,Spring,0.6952882789,-0.6189654382,1.3142494502
2022,81,Spring,0.9677904618000001,0.2633558219,0.7044364714
2022,82,Spring,0.951994296,0.1725447377,0.7794521306
2022,83,Spring,1.2981063888,0.293547032,1.0045597292
2022,84,Spring,0.9868288317999999,-0.5345793941,1.521402747
2022,85,Spring,1.3967621844,-0.3592469097,1.756028816
2022,86,Spring,0.5039508582,-1.2347540734,1.7386963876
2022,87,Spring,1.2195170782,0.1631033908,1.0564095417
2022,88,Spring,1.6635224014,0.021300681000000002,1.642218584
2022,89,Spring,1.7534712816,-1.2774805096,3.0309580471
2022,90,Spring,2.1477949579,-1.9795722452,4.1273811741
2022,91,Spring,1.9134531448,-2.3831807034,4.2966728357
2022,92,Spring,0.8979512511,-2.0229586702,2.9208978536
2022,93,Spring,0.4697576604,-2.0316825642,2.5014479177
2022,94,Spring,1.27704808556,-1.5786742888,2.8557215948
2022,95,Spring,1.1361357892,-1.4529968683,2.5891461352
2022,96,Spring,0.849861007,-1.1529914079999999,2.0028480875
2022,97,Spring,0.955831751,-0.6979035042,1.6537326433
2022,98,Spring,-0.754226511,-2.7316054968,1.9773732385
2022,99,Spring,-1.0970995112,-2.7316521909000002,1.6345450326
2022,100,Spring,-0.6584747903999999,-2.4607455288,1.8022645927
2022,101,Spring,-0.1671490082,-2.3888358386,2.2216774376
2022,102,Spring,-0.07779654600000002,-2.5671624192,2.4893733989999998
2022,103,Spring,-1.1818349708,-3.553059259,2.3712241438
2022,104,Spring,-1.6474707934,-3.647294698,1.9998246738
2022,105,Spring,-0.9939438724,-3.7292433546,2.7352928906
2022,106,Spring,-1.044447826,-3.7661715011,2.7217327952
2022,107,Spring,-2.1788717472,-4.088177996,1.9092914157
2022,108,Spring,-1.3463658,-3.3123240572,1.9659561463
2022,109,Spring,-1.1653552943999999,-3.4859998514,2.3206433907
2022,110,Spring,-1.7874407378,-3.9691236256,2.1816916514
2022,111,Spring,-3.5301422587999998,-5.8793443612,2.3492282115
2022,112,Spring,-1.7513748724,-4.5615654456,2.8102206226
2022,113,Spring,-3.207122165,-5.8088951710000005,2.6017819139
2022,114,Spring,-0.8348717954,-3.1853871175,2.3505268692
2022,115,Spring,-3.3537755808,-5.77888331,2.4251251633
2022,116,Spring,-1.1487651202,-3.9557235940999997,2.8069316001
2022,117,Spring,-2.066155517,-4.6771263648,2.6109614744
2022,118,Spring,-4.6335963168,-6.9343614604,2.3007701467
2022,119,Spring,-4.40979876,-6.783873845,2.3740371274
2022,120,Spring,-3.58932384,-6.4926002434,2.9032706607
2022,121,Spring,-3.2969652914,-6.5402602416,3.2433166143
2022,122,Spring,-4.2123983912,-7.3255118256,3.113064217
2022,123,Spring,-4.9746540096,-8.5453115612,3.5707142584
2022,124,Spring,0.48283205679999996,-3.0260382538,3.5088743512
2022,125,Spring,-6.0123623760000005,-10.545567422,4.5331965474
2022,126,Spring,-7.0353044686,-11.7239739548,4.6887380516
2022,127,Spring,-5.693886576,-9.3884488174,3.6946937954
2022,128,Spring,-5.088727152,-8.686954512,3.5981664355
2022,129,Spring,-3.5656408660000003,-7.3704073392,3.8047779277
2022,130,Spring,-3.420558202,-7.783890696,4.3633435519
2022,131,Spring,-3.1326553010000002,-8.884403722,5.7517900932
2022,132,Spring,-2.2528331710000002,-10.31749812,8.064686364
2022,133,Spring,-2.4442868446,-13.699064502699999,11.2548481976
2022,134,Spring,0.28528277720000006,-13.9531478688,14.2384753
2022,135,Spring,3.4058040188,-9.2297499883,12.6356672652
2022,136,Spring,-1.120303872,-12.540359476799999,11.4200376192
2022,137,Spring,-1.0564485264,-14.0694301868,13.0129394811
2022,138,Spring,-3.6701666352,-14.9608202688,11.2906268027
2022,139,Spring,10.4249737148,1.4439779281999998,8.9809934151
2022,140,Spring,1.159831224,-7.8771649824,9.0369381236
2022,141,Spring,2.184739128,-8.314764825,10.4994787554
2022,142,Spring,1.8025545600000001,-9.8134092,11.6158624854
2022,143,Spring,-5.873014900799999,-14.734721016,8.8616707888
2022,144,Spring,-1.504725984,-7.7064693412,6.2017361132
2022,145,Spring,1.1381771639,-4.565791152,5.7039433271
2022,146,Spring,-0.06262790420000003,-6.4211832432,6.3584510789
2022,147,Spring,1.2539643693999998,-6.9159305434,8.1698805433
2022,148,Spring,0.08169543320000004,-7.388790192,7.4705301356
2022,149,Spring,0.13477752,-6.9190190932,7.053835384
2022,150,Spring,-3.411586253,-12.53460096,9.1230108231
2022,151,Spring,-1.4142148992,-9.8019516528,8.3877177294
2022,152,Spring,-4.5065077834,-12.4874181362,7.980990224
2022,153,Spring,-3.1267420414,-12.9354560924,9.8087106606
2022,154,Spring,0.6973827840000001,-9.1206649554,9.8180496054
2022,155,Spring,-4.361176598,-14.8053807506,10.4441688802
2022,156,Spring,-6.512392224,-17.244872914,10.732518648
2022,157,Spring,-3.7749280179999998,-15.140620828,11.3658278961
2022,158,Spring,-7.451081006,-20.1349507634,12.6839947312
2022,159,Spring,-1.2201368256,-13.572909817,12.352742792799999
2022,160,Spring,-0.3445553371999998,-11.2135238784,10.8689648666
2022,161,Spring,-1.2261745008,-12.2947245792,11.0684734188
2022,162,Spring,-2.05391376,-13.0289488848,10.9750160972
2022,163,Spring,-2.332356768,-14.0331030336,11.7007147144
2022,164,Spring,0.3518103459999999,-12.1228835332,12.4746977156
2022,165,Spring,3.170609568,-8.3535223538,11.524086991599999
2022,166,Spring,3.282289646,-7.130460586,10.4126978917
2022,167,Spring,3.233611886,-7.1837432928,10.4173545649
2022,168,Spring,5.5264977956,-6.6265664544,12.1530929041
2022,169,Spring,2.3407019709999997,-6.481057549,8.8218162734
2022,170,Spring,5.1934071196,-2.3109929858,7.5043826173
2022,171,Spring,3.624036293,-4.9388942808000005,8.5629428368
2022,172,Summer,5.252303089,-2.7022167644,7.9545472556
2022,173,Summer,4.416899803400001,-3.902292288,8.3192165779
2022,174,Summer,4.1467938336,-4.8269924352,8.9737771749
2022,175,Summer,4.7427397081,-4.623326554,9.3660870784
2022,176,Summer,3.510562681,-6.886577232,10.3971075403
2022,177,Summer,3.5072450492,-7.4508574468,10.9581259834
2022,178,Summer,5.5568497392000005,-4.2115842432,9.768397307
2022,179,Summer,4.4652019822,-4.066842945,8.5320181863
2022,180,Summer,2.7972216000000003,-5.7618364131,8.5590978304
2022,181,Summer,3.2192293970000003,-4.930481664,8.1497410141
2022,182,Summer,-0.17417299059999988,-10.3664772,10.1924331738
2022,183,Summer,3.2752399242,-7.7053253746,10.9805523328
2022,184,Summer,3.4085298956,-7.3188866736,10.7273995169
2022,185,Summer,4.18336825,-6.6146092992000005,10.7979800683
2022,186,Summer,1.940299402,-9.2077007118,11.1480148304
2022,187,Summer,3.2701048097,-9.8052887234,13.0753712319
2022,188,Summer,2.25287905,-11.2096452102,13.462501382
2022,189,Summer,1.091724739,-14.3736748034,15.4652984904
2022,190,Summer,3.2269116962,-11.1959217372,14.4228707956
2022,191,Summer,0.5738921279999999,-11.4202340648,11.9941210597
2022,192,Summer,5.1873532706,-5.9825122562,11.1697158775
2022,193,Summer,9.044749656,-0.08279184959999998,9.1275033451
2022,194,Summer,5.1898684174,-1.3925116550000003,6.582355085
2022,195,Summer,3.5526299456,-2.3990865124000003,5.9517073325
2022,196,Summer,4.1909339088,-1.3198158144,5.5107051395
2022,197,Summer,2.9723277888,-2.3631695564,5.3355396201
2022,198,Summer,3.809148638,-2.5138128384000002,6.3229512513
2022,199,Summer,3.7893175059999997,-3.1909550832,6.9803381595
2022,200,Summer,8.088151968,-0.6168111770000001,8.7049243074
2022,201,Summer,5.127968346,-4.6125173695,9.740452206
2022,202,Summer,6.900815476,-3.085382703,9.9862715816
2022,203,Summer,5.6365879544,-4.369979419,10.0066243319
2022,204,Summer,6.1385719108,-3.9802737096,10.1188273346
2022,205,Summer,4.3176897072,-6.3465499724,10.6641846525
2022,206,Summer,8.0753433418,-1.250803426,9.3261303508
2022,207,Summer,5.0698559664,-3.8614710754,8.9313020228
2022,208,Summer,5.0965867438,-4.4241326496,9.5207213649
2022,209,Summer,4.343420491,-7.0390091487,11.3823024716
2022,210,Summer,6.8423827254,-5.129035214,11.971442344
2022,211,Summer,6.0996145394,-4.1077450944,10.2073795326
2022,212,Summer,4.114360915,-4.5155086782,8.6299310315
2022,213,Summer,4.7985031144,-2.7434466716,7.5419152464
2022,214,Summer,3.75407473,-2.9409201362,6.6950000522
2022,215,Summer,3.883451039,-1.471856171,5.3553124052
2022,216,Summer,1.665370757,-3.225492965,4.890877131
2022,217,Summer,2.6364734056,-1.1588308416000002,3.795311748
2022,218,Summer,5.0061335904,2.3312424668,2.6749221143
2022,219,Summer,5.3483880106,2.0207176272,3.3276334345
2022,220,Summer,3.1077534385999996,-1.5343801492,4.6421208461
2022,221,Summer,5.4174812683999995,0.031786344200000025,5.3856895984
2022,222,Summer,2.6429850292,-2.1229339248,4.7659229621
2022,223,Summer,1.9080475864,-3.0256868952000002,4.9337140152
2022,224,Summer,3.6495991154,-1.09664267,4.7462336596
2022,225,Summer,2.0205138959999998,-2.3554250496,4.3759498588
2022,226,Summer,3.4183595373999998,-1.7049021134,5.1232368418
2022,227,Summer,3.002805043,-3.0319144992,6.0347086444
2022,228,Summer,1.7277583822,-5.1021780770000005,6.8299215179
2022,229,Summer,2.2751965588000003,-4.9089425324,7.1841322525999995
2022,230,Summer,4.2493402228,-4.3134994552,8.5628700378
2022,231,Summer,4.5729886174,-6.5364543582,11.1094218386
2022,232,Summer,4.6852630532,-7.3935349918,12.0788027189
2022,233,Summer,1.5987588194,-11.03414085,12.6329270065
2022,234,Summer,2.9220042388,-8.0739771842,10.9959162509
2022,235,Summer,4.7209585108,-7.3357749012,12.0566843336
2022,236,Summer,6.483685565,-5.6876411656000005,12.1713131762
2022,237,Summer,6.358730688,-6.038680248,12.3974497731
2022,238,Summer,5.139132545,-6.4568342592,11.5959580094
2022,239,Summer,4.252540046,-6.93293269,11.1855158928
2022,240,Summer,5.753279276,-4.633060628,10.3863422244
2022,241,Summer,4.9746703388,-6.6698597232,11.6445712481
2022,242,Summer,4.606689024,-7.8266949698,12.4333643064
2022,243,Summer,5.7507660718,-4.8754116436,10.626143878
2022,244,Summer,5.8085755776,-4.2248162736,10.0333887093
2022,245,Summer,4.6611991728,-4.2192704308,8.8805748473
2022,246,Summer,3.56541264,-5.903082749,9.468533367
2022,247,Summer,8.8999714222,-1.4723439208,10.3723233409
2022,248,Summer,8.4248613994,-0.06656986899999998,8.4914127775
2022,249,Summer,8.9319635978,1.2521304,7.679825149
2022,250,Summer,5.2144386338,-2.4119009719999998,7.6263540567
2022,251,Summer,4.1842928162,-2.295262526,6.4795603072
2022,252,Summer,1.1687751792,-5.4385310952,6.607341352
2022,253,Summer,1.5655105870000001,-5.07167905,6.6371578564
2022,254,Summer,1.0326990674,-5.136595431,6.1692971297
2022,255,Summer,1.2276943202,-4.762278231,5.9899543661
2022,256,Summer,1.8366632068,-3.561520363,5.3981412838
2022,257,Summer,2.39815728,-2.7150335562,5.1131731035
2022,258,Summer,-0.060998443000000006,-4.0605887092,3.9996310509
2022,259,Summer,-0.5672234304,-4.1992617678,3.6320444802
2022,260,Summer,-0.922459104,-4.6079840896,3.6855210779
2022,261,Summer,1.0602801506,-4.470069759,5.530379687
2022,262,Summer,1.9463930642,-3.0115103918,4.9578963131
2022,263,Summer,1.7686025995999999,-3.6928698336,5.4614652021
2022,264,Summer,-0.691064784,-6.8771597184,6.1860875356
2022,265,Fall,4.162967875,-2.7105274814,6.8734847966
2022,266,Fall,0.29501638519999995,-5.1272596774,5.4222506009
2022,267,Fall,-0.05044641120000005,-5.5247925183,5.474348175
2022,268,Fall,-1.6521729412,-6.8569603919999995,5.2048381701
2022,269,Fall,-1.1897202239999998,-6.9886559337000005,5.7989439207
2022,270,Fall,-0.19168656499999975,-5.6067128997,5.415090623
2022,271,Fall,-0.895184784,-6.7119706901,5.8167815091
2022,272,Fall,-1.301301936,-7.0872917717,5.7859573979
2022,273,Fall,-2.544396624,-7.2327453124,4.6883270708
2022,274,Fall,0.049568112000000046,-3.8897430259,3.9393260867
2022,275,Fall,-2.2012106399999998,-5.5048823424,3.3036786151
2022,276,Fall,-1.6662995999999999,-3.895803216,2.2295223757000002
2022,277,Fall,-2.360704176,-4.1166601618000005,1.7560179874
2022,278,Fall,1.307701584,-0.024887087999999974,1.3325914052
2022,279,Fall,-2.3214594814,-4.4532088243,2.1317465629
2022,280,Fall,-3.859874208,-6.8657743325,3.0058831225
2022,281,Fall,-2.366827776,-4.9998783038,2.6330054661
2022,282,Fall,-3.299208278,-5.8137407856,2.5145195527
2022,283,Fall,-1.714814064,-3.3662160144,1.6514152939
2022,284,Fall,-3.901211424,-5.004946584,1.1037719717
2022,285,Fall,-5.107712645,-6.525224957,1.4175461608
2022,286,Fall,-1.7409818592000001,-3.3887768728,1.6478093685
2022,287,Fall,-1.6944288912,-3.64914072,1.9547157909
2022,288,Fall,-5.0359596048,-6.7485772594,1.7126150733
2022,289,Fall,-4.609929672,-6.2392150829,1.6292991719
2022,290,Fall,-1.3094671248,-2.9347401398,1.6252687039
2022,291,Fall,-2.263926024,-4.3690623692,2.1051586576
2022,292,Fall,-4.828880448,-6.3751114541,1.5462345051
2022,293,Fall,-3.6944911296000003,-5.2243662524,1.5298823898
2022,294,Fall,-0.20036807960000014,-1.9870517323399999,1.7867136152
2022,295,Fall,-2.1872830464,-4.6192518906,2.4319878334
2022,296,Fall,-2.4921656208,-5.441573765,2.949419689
2022,297,Fall,-0.1853133548,-3.928935586,3.7436136499
2022,298,Fall,-1.9002498911999999,-5.1620820499999995,3.2618295909
2022,299,Fall,0.3746885048,-1.8495931781,2.2242755
2022,300,Fall,-1.459474718,-2.5062969456,1.0468300187
2022,301,Fall,-1.1901431606000001,-1.3007882534000001,0.1106895328
2022,302,Fall,-1.7624411694,-1.8373228058,0.0749105078
2022,303,Fall,-2.9435242006,-3.0351189806,0.0915903897
2022,304,Fall,-2.791490569,-2.9087397069,0.1172501671
2022,305,Fall,-1.9850117884,-2.1253876742872,0.14038165959999999
2022,306,Fall,-2.9233499902,-3.0642204397560002,0.1408732042
2022,307,Fall,-3.2862299804,-3.4071732944,0.1209437436
2022,308,Fall,-4.054600025,-4.2161514780000005,0.1615622354
2022,309,Fall,-3.0984462274,-3.3182247962,0.219773224
2022,310,Fall,-2.2968754228,-2.5589046565,0.2620294856
2022,311,Fall,-2.6103715504,-2.8598429709,0.249465211
2022,312,Fall,-3.0380324992,-3.1838346230672,0.1457950737
2022,313,Fall,-2.9360113792,-3.0456418381,0.1096183301
2022,314,Fall,-3.428588439,-3.6186201559,0.1900183562
2022,315,Fall,-3.952236761,-4.196558678,0.24431676830000001
2022,316,Fall,-2.7888700594,-3.0964036678,0.3075381172
2022,317,Fall,0.025570913600000002,-0.1691917292,0.194764679
2022,318,Fall,-2.7636816112,-2.8799811586,0.1162968763
2022,319,Fall,-2.656273278,-2.7699808762,0.11370037250000001
2022,320,Fall,-0.2509896804,-0.410617411084,0.1596282902
2022,321,Fall,-2.3302867581999998,-2.46172416693,0.13143217969999998
2022,322,Fall,-3.350629803,-3.471326928,0.1207091884
2022,323,Fall,-2.3436026914,-2.4609335273,0.11733145760000001
2022,324,Fall,-2.6223414194,-2.7347661629999998,0.11242242969999999
2022,325,Fall,-2.2694945322,-2.387903884,0.1183958481
2022,326,Fall,-2.311778835,-2.4716163295999998,0.1598389224
2022,327,Fall,-1.417340616,-1.5838051846,0.1664652294
2022,328,Fall,-1.583476257,-1.7221736619999999,0.1387024095
2022,329,Fall,-0.403691557,-0.595832497,0.1921417057
2022,330,Fall,-0.5542407106,-0.763850208,0.209608728
2022,331,Fall,-0.1959279088,-0.4286141308,0.2326867495
2022,332,Fall,-0.5425290343,-0.793414171,0.2508821192
2022,333,Fall,-0.402382339,-0.572100342,0.1697172812
2022,334,Fall,-0.309804,-0.580446518,0.27063874990000003
2022,335,Fall,-0.3651455138,-0.5641153614,0.1989684001
2022,336,Fall,-0.2143359943,-0.3894199398,0.1750831371
2022,337,Fall,-0.038465929,-0.345389897,0.3069239258
2022,338,Fall,-0.2139976601,-0.41537661800000003,0.2013788239
2022,339,Fall,-0.1814668313,-0.361120901,0.1796530686
2022,340,Fall,-0.342290033,-0.624453742,0.2821628401
2022,341,Fall,-0.267619589,-0.645549913,0.3779277174
2022,342,Fall,-0.3594472327,-0.6577391846,0.2982922473
2022,343,Fall,-0.2469175508,-0.4595093044,0.2125920686
2022,344,Fall,-0.15958785,-0.341211772,0.1816244672
2022,345,Fall,-0.1551706141,-0.279760728,0.1245893775
2022,346,Fall,-0.1630241532,-0.305183661,0.142156769
2022,347,Fall,-0.3264868203,-0.511331994,0.18484428790000001
2022,348,Fall,-0.19280047420000002,-0.3734860716,0.180682918
2022,349,Fall,-0.424561862,-0.70376999,0.2792094227
2022,350,Fall,-0.127493742,-0.36813567,0.2406409246
2022,351,Fall,-0.1680435608,-0.426557922,0.2585136797
2022,352,Fall,-0.0608160206,-0.2914378694,0.2306219726
2022,353,Fall,-0.17716826989999998,-0.405898568,0.2287304954
2022,354,Fall,-0.3630916909,-0.5884383426,0.2253490943
2022,355,Winter,-0.2786861742,-0.4551206477,0.176431713
2022,356,Winter,0.025515639999999996,-0.1973721815,0.2228875508
2022,357,Winter,0.05962478770000001,-0.3575278828,0.417151728
2022,358,Winter,-0.17401471329999998,-0.263203291,0.0891873022
2022,359,Winter,-0.1053184949,-0.2246438572,0.1193249751
2022,360,Winter,-0.1126919728,-0.2835593426,0.170866935
2022,361,Winter,-0.0698341878,-0.2674384739,0.1976041477
2022,362,Winter,0.16093131779999997,-0.025968301200000005,0.1868981582
2022,363,Winter,0.4914385346,0.2496248012,0.2418111118
2022,364,Winter,-0.0011753763000000032,-0.4017347925,0.4005596566
2022,365,Winter,7.811708999999964e-4,-0.4938367727,0.49461727369999997
2024,1,Winter,0.5785095166,0.054220513399999996,0.52428979
2024,2,Winter,0.4623240242,0.1279902378,0.3343352087
2024,3,Winter,0.2045803408,-0.037842602799999986,0.2424149843
2024,4,Winter,0.09733899459999999,-0.0532926208,0.15062853439999999
2024,5,Winter,0.6077601069999999,0.4972863175,0.1104752765
2024,6,Winter,0.7538349892,0.5706335563,0.1832068213
2024,7,Winter,1.8503380798,1.7070135308,0.14331426519999999
2024,8,Winter,-0.48922709789999996,-0.6664179736,0.1772006387
2024,9,Winter,0.4410406058,0.22693885860000002,0.2141014176
2024,10,Winter,-0.304487554,-0.8471364123,0.5426515616
2024,11,Winter,-0.0541921487,-0.4821146012,0.4279227509
2024,12,Winter,0.29421818,-0.1098708346,0.4040949685
2024,13,Winter,2.0219269122,1.3855602307,0.6363786914
2024,14,Winter,-0.179437034,-0.6283629675,0.4489219986
2024,15,Winter,-0.0010591019000000131,-0.3019927064146,0.3009322148
2024,16,Winter,1.213921741,0.91570696,0.298202065
2024,17,Winter,-0.977285901,-1.2088604276000001,0.2315714843
2024,18,Winter,-0.8169671694,-1.0122645164,0.1952871521
2024,19,Winter,-0.5393378396,-0.7220061496,0.1826681351
2024,20,Winter,-0.7166532658,-0.824767505,0.10811701829999999
2024,21,Winter,-1.2406973476,-1.3549341357,0.1142413605
2024,22,Winter,-0.586565376,-0.7177839362,0.1312244946
2024,23,Winter,0.56670169844,0.3616600875,0.2050388901
2024,24,Winter,-0.055917060899999996,-0.360731362,0.3048212446
2024,25,Winter,0.1179116841,-0.4679138014,0.5858234357
2024,26,Winter,0.812614163,0.06970950739999998,0.7429040947
2024,27,Winter,0.6193385694,-0.12297872810000002,0.7423164079
2024,28,Winter,0.2997399168,-0.3108402905469,0.6105815821
2024,29,Winter,0.5778991012,0.068101823,0.5098030744
2024,30,Winter,-0.4532279044,-0.7573896315,0.3041672798
2024,31,Winter,0.5182098259,0.2395783675,0.2786215293
2024,32,Winter,0.07965516260000001,-0.1661821013,0.2458359227
2024,33,Winter,0.1466831578,-0.1389929823,0.2856734593
2024,34,Winter,-0.1498393588,-0.389518962,0.2396739327
2024,35,Winter,-0.690370389,-0.90876370032,0.218392125
2024,36,Winter,-0.054861192499999996,-0.2817510735,0.2268849009
2024,37,Winter,-0.1337588622,-0.365419162,0.2316590189
2024,38,Winter,-0.5254390118,-0.7542252042,0.2287840334
2024,39,Winter,-0.3746864311,-0.6092934002,0.2346114496
2024,40,Winter,-0.9376400332,-1.1626532513,0.2250200768
2024,41,Winter,-1.0644237087,-1.4326166461,0.3681955438
2024,42,Winter,-0.2304555009,-0.5708072324,0.3403460062
2024,43,Winter,-0.1204246161,-0.3658919029,0.2454683591
2024,44,Winter,0.11428156873,-0.0978053817,0.2120904429
2024,45,Winter,0.260966514642,0.10407399830000001,0.1568894628
2024,46,Winter,0.0160897118,-0.1663682994,0.1824546488
2024,47,Winter,-0.3825348042,-0.5577333296,0.1752007801
2024,48,Winter,-0.0324222651,-0.19066355570000001,0.1582489017
2024,49,Winter,-0.6035131260000001,-0.7464415032,0.142926939
2024,50,Winter,-0.225677016,-0.3810447228,0.1553712103
2024,51,Winter,-0.4003754684,-0.5398694068,0.1394933996
2024,52,Winter,-0.049721299200000006,-0.2026520459,0.1529305997
2024,53,Winter,-0.902635477,-1.0776340048,0.1749829429
2024,54,Winter,-0.3089757435,-0.523322739,0.2143485467
2024,55,Winter,0.8554494238,0.6950015778,0.16045138379999999
2024,56,Winter,-0.2196155069,-0.3315734501,0.1119578993
2024,57,Winter,-0.1379626739,-0.3639760924,0.2260096771
2024,58,Winter,-0.010247022199999995,-0.2337105589,0.2234629243
2024,59,Winter,-0.2399451206,-0.6171243985,0.37717701800000003
2024,60,Winter,0.6007517157,0.4599105084,0.1408390285
2024,61,Winter,1.2278391482,1.0834565451,0.1443795736
2024,62,Winter,0.5881460709999999,0.3667425984,0.2214003286
2024,63,Winter,-0.1422709378,-0.442011517,0.2997410013
2024,64,Winter,0.08080002780000001,-0.1739234556,0.2547241166
2024,65,Winter,-0.6080828144,-0.8166837294,0.2085926931
2024,66,Winter,0.07050188320000002,-0.1708136207,0.2413122502
2024,67,Winter,0.009314521799999996,-0.2191038092,0.2284181955
2024,68,Winter,1.0446337332,0.8538312384,0.19079410559999999
2024,69,Winter,0.2136081107,0.051511722600000004,0.1620926676
2024,70,Winter,-0.2399889965,-0.4591891014,0.2191975978
2024,71,Winter,-0.1034403203,-0.26632279,0.1628832108
2024,72,Winter,0.1677140529,-0.0297123289,0.197424448
2024,73,Winter,0.2720907969,0.0945940197,0.17749552799999999
2024,74,Winter,0.5341468926,0.3461028396,0.1880466
2024,75,Winter,1.1199636726,0.9472143858000001,0.1727422034
2024,76,Winter,-0.6849963139,-0.8654195208,0.1804282581
2024,77,Winter,-0.0243679215,-0.2089863301,0.1846133988
2024,78,Winter,0.04337180659999999,-0.11587250700000001,0.1592422116
2024,79,Winter,0.1796756,0.0438322628,0.135841168
2024,80,Spring,0.7365538377999999,0.58544376360000006,0.1511123065
2024,81,Spring,0.6034267758,0.5043062592,0.0991262594
2024,82,Spring,0.1895726218,0.0911895416,0.0983810345
2024,83,Spring,-1.0891519695,-1.1852242198,0.0960701119
2024,84,Spring,0.11559202810000001,0.02929285289999999,0.0863009948
2024,85,Spring,-0.16759846039999998,-0.26756127279999997,0.0999598035
2024,86,Spring,0.2008231694,0.09766422559999999,0.1031534651
2024,87,Spring,0.32254571779999996,0.18208230649999999,0.1404655355
2024,88,Spring,1.697468918,1.5472713574,0.1501996182
2024,89,Spring,0.5583688996,0.4336585783,0.124711854
2024,90,Spring,0.2959075162,0.044386621999999994,0.2515073365
2024,91,Spring,0.6331915154,-0.202823818,0.8360159401
2024,92,Spring,0.8922664518,-0.6432392415,1.5355148309
2024,93,Spring,0.7681043359999999,-1.4789340802,2.2470448604
2024,94,Spring,2.4375641026,0.5646674969,1.8729016136
2024,95,Spring,1.8034033106,0.3005443442,1.5028628661
2024,96,Spring,0.833626547,-0.902665453,1.7362911272
2024,97,Spring,0.9517124158,-0.788510908217,1.7402082677
2024,98,Spring,1.3644236158,-0.4915198724,1.8559554272
2024,99,Spring,0.20230352759999998,-2.2346107019,2.4369612736
2024,100,Spring,0.5635100011999999,-1.5552294714,2.1187723301
2024,101,Spring,2.4409482518,0.6512401535,1.7896912323
2024,102,Spring,2.1913219007999998,0.25097000999999997,1.9403506961
2024,103,Spring,1.781048088,-0.7503991628,2.5314479628
2024,104,Spring,0.8335202882,-1.3414835266,2.1750008975
2024,105,Spring,0.6462507368,-1.4948855342,2.1411827659
2024,106,Spring,0.22486092479999997,-2.0656681569,2.2905412033
2024,107,Spring,-1.220002689,-3.4448681935,2.2248468613
2024,108,Spring,-1.5961523036,-3.2890314737,1.6928813233
2024,109,Spring,-1.079316965,-2.7148819248,1.6355653957
2024,110,Spring,-3.6137334814,-5.3569229861,1.7431827942
2024,111,Spring,-2.7891220406,-4.6318184896,1.8427021178
2024,112,Spring,-5.855922864,-7.313479632,1.4575824834
2024,113,Spring,-6.7663680479999995,-8.0663200704,1.3000249577
2024,114,Spring,-6.378232896,-7.7435421984,1.3653205311
2024,115,Spring,-3.8760576192,-5.2002601861999995,1.324131922
2024,116,Spring,-5.220102672,-6.2745290496,1.0544720268
2024,117,Spring,-7.6623732,-8.7774516,1.1151589593
2024,118,Spring,-7.3350575654,-8.551991146,1.2169149487
2024,119,Spring,-5.132385504,-6.527745936,1.3952932318
2024,120,Spring,-6.189470496,-7.7267106576,1.537210088
2024,121,Spring,-4.750031808,-5.839237512,1.0891763806
2024,122,Spring,-3.5049161376,-4.4667140256,0.9617570174
2024,123,Spring,-3.226849488,-4.304136528,1.0773245242
2024,124,Spring,-5.999907168,-7.043197536,1.043309777
2024,125,Spring,-4.8505875409999994,-5.759368272,0.9087498681
2024,126,Spring,-4.202921779,-5.085935568,0.8830448615
2024,127,Spring,-5.892271776,-7.1165936448,1.2243023629
2024,128,Spring,-5.0323515408,-6.7104749374,1.6780710645
2024,129,Spring,-2.358526896,-3.95588448,1.5973687583
2024,130,Spring,-4.5444273698,-6.5402722944,1.9959097459
2024,131,Spring,-5.210390448,-7.29001944,2.0796592681
2024,132,Spring,-4.716647107,-6.9274922112,2.2109247574
2024,133,Spring,-4.873168656,-7.8618682685,2.988696428
2024,134,Spring,-3.7946012976,-7.6572216,3.8626528175
2024,135,Spring,-2.881447344,-7.74316584,4.8616321124
2024,136,Spring,-3.11391864,-7.694577504,4.5806242259
2024,137,Spring,-3.670104038,-7.601654304,3.9315897445
2024,138,Spring,-3.697847329,-7.25976108,3.5619542797
2024,139,Spring,-1.544833814,-4.723947216,3.1790770879
2024,140,Spring,-0.6668553738,-3.530336271,2.8634856396
2024,141,Spring,-4.525679434,-7.43848272,2.9127468873
2024,142,Spring,-3.2518322212,-7.7888533392,4.5370417015
2024,143,Spring,-3.8452988739999996,-11.49160573,7.6463737457
2024,144,Spring,-5.095258136,-13.7382340032,8.6429088532
2024,145,Spring,1.7536229132,-6.87987432,8.6335003672
2024,146,Spring,-2.2825514879999997,-9.884874528,7.6023262828
2024,147,Spring,-1.272249634,-9.4395844154,8.167396460800001
2024,148,Spring,3.5874412700000002,-3.16926432,6.7566876438
2024,149,Spring,-2.8916234064,-12.0252531312,9.1337059528
2024,150,Spring,-0.31401431999999985,-7.9827646176,7.6687331322
2024,151,Spring,-0.10398805899999998,-6.2433266832,6.1393570496
2024,152,Spring,0.09905185420000012,-6.7223858256,6.8214132978
2024,153,Spring,0.584549136,-7.0820670384,7.6666137987
2024,154,Spring,-2.0189967986,-10.6525822898,8.6335087419
2024,155,Spring,1.6646608075999998,-7.1709544944,8.8355944318
2024,156,Spring,-0.08873349120000006,-8.604634666,8.5158706456
2024,157,Spring,3.6048878928,-6.0670474846,9.671948651
2024,158,Spring,3.9027153024,-5.241300437,9.1440207507
2024,159,Spring,2.4408459648000003,-6.861285792,9.3020653263
2024,160,Spring,2.890802261,-6.4896275954,9.3803631185
2024,161,Spring,7.8036366820000005,-0.8434055659999999,8.6470769642
2024,162,Spring,1.9011853440000002,-7.511258304,9.4124599857
2024,163,Spring,2.1351278590000002,-6.6403536914,8.7755031252
2024,164,Spring,4.601238826,-4.390761168,8.9918859506
2024,165,Spring,1.3439844,-8.2432567296,9.5872903945
2024,166,Spring,6.6876026878,-2.747221531,9.4348518718
2024,167,Spring,3.028145472,-5.1538796902,8.1821016388
2024,168,Spring,1.09352255,-5.793887102,6.8873400303
2024,169,Spring,3.87773879,-4.940751816,8.8185036119
2024,170,Spring,2.289783946,-8.117846957,10.4076553076
2024,171,Spring,2.652246828,-8.4998143022,11.1521297922
2024,172,Spring,3.82660187,-7.004177179,10.8307790811
2024,173,Summer,5.5067439168,-3.5455947262,9.0522825005
2024,174,Summer,6.567115824,-0.968356944,7.5354571891
2024,175,Summer,7.782063725,-0.8752078508000001,8.6572677772
2024,176,Summer,1.69609801,-7.6621857987999995,9.3582814365
2024,177,Summer,3.0907974815999997,-6.3893717827,9.4801947581
2024,178,Summer,2.2644718989999997,-8.062463952,10.3269052607
2024,179,Summer,3.4681150512,-5.486154819,8.9542784695
2024,180,Summer,2.6377583908,-4.9606229952,7.598393901
2024,181,Summer,4.7713539884,-2.8705640546,7.6419587659
2024,182,Summer,2.42107704,-7.7591774022,10.1802644572
2024,183,Summer,4.042886256,-4.7429774208,8.785835733599999
2024,184,Summer,1.4524767072,-7.123422528,8.5758759462
2024,185,Summer,3.2587450851999997,-5.2821092736,8.5408325702
2024,186,Summer,2.4384334608,-6.501696336,8.9401959898
2024,187,Summer,4.3281394844,-5.118536448,9.4466676322
2024,188,Summer,4.1790098012,-5.7607356814,9.9397601176
2024,189,Summer,3.3809762224,-6.3905469692,9.7715446118
2024,190,Summer,2.7154390752,-6.7712817020000005,9.4866974536
2024,191,Summer,1.725365318,-7.9591920616,9.6846595654
2024,192,Summer,3.385176624,-7.2214767216,10.6066842672
2024,193,Summer,3.7825990416,-7.5023384544,11.2849525349
2024,194,Summer,3.3098516780000002,-8.391670243,11.7016138377
2024,195,Summer,4.9154440468,-6.7624994880000004,11.6780028811
2024,196,Summer,5.7491945428,-6.0631777584,11.812322336
2024,197,Summer,3.4035303169999995,-9.7636062094,13.1671544579
2024,198,Summer,6.958224518,-7.374706301,14.3329275418
2024,199,Summer,5.8321485212,-8.4286810876,14.2608645777
2024,200,Summer,5.72780471,-7.860206304,13.5880863132
2024,201,Summer,3.621713213,-7.7457708,11.3674344332
2024,202,Summer,4.3850240348,-6.794384976,11.1793959512
2024,203,Summer,3.7404760608000003,-6.523462526,10.263905512
2024,204,Summer,2.7355151519999996,-6.143573394700001,8.8791750192
2024,205,Summer,5.0334172412,-2.5059003702,7.5393257958
2024,206,Summer,5.6411750158,-0.57687305759999985,6.2180648894
2024,207,Summer,3.3828733730000002,-2.301741878,5.6846139211
2024,208,Summer,3.6300518068,-1.62104328,5.2511031851
2024,209,Summer,2.2603704479999998,-2.6371557506,4.8976094094
2024,210,Summer,2.2513471779999996,-2.292324754,4.5436224955
2024,211,Summer,2.2825557646,-1.758660984,4.0412450691
2024,212,Summer,3.0734173442,-1.630844928,4.7042130537
2024,213,Summer,4.714015709,0.36086965799999987,4.3531059967
2024,214,Summer,-1.5540733742000004,-5.969884032,4.4158888143
2024,215,Summer,-1.4485568256,-5.496813187,4.0482036171
2024,216,Summer,0.8848266465999999,-2.80665,3.691517424
2024,217,Summer,0.964383408,-2.262730464,3.2271451780000002
2024,218,Summer,-2.318338973,-5.387084496,3.0687259781
2024,219,Summer,1.7585536750000001,-0.6208280639999998,2.3793473382
2024,220,Summer,0.6043518864,-1.4719124306,2.0763202847
2024,221,Summer,-0.4711229570000002,-3.9114897408,3.4403615041
2024,222,Summer,3.5615798506,-3.999059554,7.5606335829999995
2024,223,Summer,-1.7776219824,-13.21371792,11.4360653625
2024,224,Summer,0.3185418959999998,-11.6034774869,11.9219681548
2024,225,Summer,3.675318624,-8.8436214724,12.5188800845
2024,226,Summer,1.3326112224,-12.671506382,14.0040757275
2024,227,Summer,4.116801024,-8.9929090082,13.1098208049
2024,228,Summer,3.391723239,-7.467782688,10.8595350512
2024,229,Summer,2.9547629712,-6.764422493,9.7191393798
2024,230,Summer,2.391423264,-5.934098102,8.325409921
2024,231,Summer,6.8148315796,-0.36479782059999993,7.1796195129000004
2024,232,Summer,3.833437752,-2.41224778,6.2457087177
2024,233,Summer,1.627583673,-3.6448032280000002,5.2723430338
2024,234,Summer,1.912454323,-5.535520949,7.4480117999
2024,235,Summer,1.49373072,-7.3674944498,8.8612369426
2024,236,Summer,1.6340902412,-7.6533210026,9.2874128617
2024,237,Summer,2.9160423796,-6.1669305936,9.0829726033
2024,238,Summer,0.7766194460000001,-8.2172946876,8.993963068
2024,239,Summer,3.1873149432,-5.0982014308,8.2854595423
2024,240,Summer,3.21954277,-4.7635517448,7.9830199969
2024,241,Summer,2.6772843820000003,-6.2976758686,8.9749265884
2024,242,Summer,1.5705327172,-5.972310144,7.5428429539
2024,243,Summer,0.9951118271999999,-6.3323070624,7.3274776837
2024,244,Summer,2.0337156,-6.9547585988,8.9885306809
2024,245,Summer,2.1259953358,-9.2354279852,11.361399090799999
2024,246,Summer,0.5443207779999999,-9.3144955968,9.8588113007
2024,247,Summer,0.16036639199999986,-8.392356086,8.552725674
2024,248,Summer,1.4584230144,-8.4188574716,9.8771566456
2024,249,Summer,-0.9553850203999998,-10.9372390992,9.9818419441
2024,250,Summer,-1.1053622879999998,-10.8740334386,9.7686452291
2024,251,Summer,-0.4457630879999999,-10.5276197526,10.0819012374
2024,252,Summer,0.469118304,-7.0147692576,7.4838788913
2024,253,Summer,-2.1504667964000004,-8.6747578175,6.5242302198
2024,254,Summer,-1.6677366048000002,-7.907888736,6.2401382823
2024,255,Summer,-2.6854882558,-8.786788632,6.1013969150000005
2024,256,Summer,-2.759654966,-9.7310762473,6.9713905424
2024,257,Summer,-1.258634246,-9.0901525149,7.8315992474
2024,258,Summer,-3.704960736,-11.594045938,7.8889714038
2024,259,Summer,-3.534219604,-11.4009355872,7.8667468495
2024,260,Summer,-4.9170836098,-12.9306132,8.013566687
2024,261,Summer,-4.305409065,-12.899898,8.5945252669
2024,262,Summer,-5.952945575,-14.7829862592,8.830043542
2024,263,Summer,-5.332645891,-14.7982909824,9.4655926662
2024,264,Summer,-1.3353273796,-10.0986022118,8.7632586191
2024,265,Summer,1.5358068111,-6.5734178832,8.1092711836
2024,266,Fall,1.29636437,-6.7674131428,8.0637937879
2024,267,Fall,1.319766048,-6.7069613519999995,8.0267096084
2024,268,Fall,0.045054144000000185,-7.8442097505,7.8892051501
2024,269,Fall,2.4100872192000002,-6.3120778281,8.7221165809
2024,270,Fall,5.5261104342,-3.889365465,9.4154549506
2024,271,Fall,-0.9805710956000001,-11.4187283734,10.4380416331
2024,272,Fall,0.10588851399999978,-9.5878593598,9.6936573459
2024,273,Fall,1.5749382096,-7.778387698,9.3533476459
2024,274,Fall,-1.1296591776,-10.4264254451,9.2966861811
2024,275,Fall,-0.998391744,-8.7250711811,7.7266365722
2024,276,Fall,-1.1241918720000001,-7.968241071,6.8440423212
2024,277,Fall,-1.0247033950000002,-8.0128507398,6.9881021269
2024,278,Fall,-0.9539130239999999,-7.2893625617,6.3354213543
2024,279,Fall,0.05725080000000003,-5.942814454,6.0000605649
2024,280,Fall,-1.076802984,-5.562438739,4.4856437918
2024,281,Fall,5.20712064,0.4791474,4.7280024781
2024,282,Fall,-2.2454832959999997,-6.3258121584,4.0804274932
2024,283,Fall,-0.5775305179999999,-4.32264613,3.7451433209
2024,284,Fall,-0.8446963827999999,-4.4654133343,3.6207454506
2024,285,Fall,-0.5709959572000001,-4.9185762192,4.3476189052
2024,286,Fall,-0.10773181440000006,-5.1732155693,5.0655303098
2024,287,Fall,0.35110661800000004,-3.2490561892,3.6002400535
2024,288,Fall,2.34911016,-0.8122509836,3.1613740438
2024,289,Fall,-1.3184935055999998,-3.3352068818,2.0167082287
2024,290,Fall,-1.257169637,-2.4739141824,1.2167460852
2024,291,Fall,-1.54425528,-2.050737264,0.5064928779
2024,292,Fall,-2.1353234255999998,-2.8369469678,0.7015920611
2024,293,Fall,-3.2482995839999997,-4.13137908,0.8830826531
2024,294,Fall,-3.561031253,-4.6779082416,1.1168485672
2024,295,Fall,-3.2659689884,-4.851833256,1.585842728
2024,296,Fall,-3.1737915072,-4.8078473396,1.6340878389
2024,297,Fall,-2.237199912,-4.3345785563,2.097363824
2024,298,Fall,-2.7580882190000002,-4.9751368986,2.2170162581
2024,299,Fall,-1.5228603934,-3.3162820416,1.7934572271
2024,300,Fall,-2.6490164832,-4.7879817984,2.138978923
2024,301,Fall,-1.797072091,-3.6654581121,1.868403217
2024,302,Fall,-0.9717107323999999,-2.750444878,1.7787440516
2024,303,Fall,-0.6098448531999999,-2.8627144541,2.2528570085
2024,304,Fall,0.905538528,-2.1207071778,3.0262622571
2024,305,Fall,-1.6525194433000001,-5.6154170158,3.9629114607
2024,306,Fall,-0.15348190999999997,-4.4801983518,4.3267125731
2024,307,Fall,-1.205768722,-3.5503006846,2.3445061693
2024,308,Fall,-1.3594310352,-2.9400052892,1.5805793863
2024,309,Fall,-0.6427863215999999,-2.37246122984,1.7296699253
2024,310,Fall,-0.01780004119999994,-3.2795902823,3.2618187164
2024,311,Fall,0.217291378,-3.864595178,4.0818331139
2024,312,Fall,-0.8552002028000001,-3.7620958292,2.9069179274
2024,313,Fall,-0.5623957014000001,-3.0684399272,2.5060171964
2024,314,Fall,-1.6324619472,-3.8997597326,2.2673022429
2024,315,Fall,-0.7354124786,-3.1130943836,2.3776805213
2024,316,Fall,0.5143186372000002,-3.3203186805000002,3.8346480282
2024,317,Fall,-0.35559920120000005,-3.2409564745,2.8853748851
2024,318,Fall,-1.5616525248,-3.3620986189999997,1.8004521321
2024,319,Fall,-1.0345089318,-2.6469063871,1.612410835
2024,320,Fall,-0.95155884,-3.0179252163,2.0663652628
2024,321,Fall,-0.10895109059999997,-2.3788543316,2.2699040808
2024,322,Fall,-0.8116192222,-2.7303743222,1.9187533066
2024,323,Fall,-0.27195821259999997,-2.0379466745,1.7659759294
2024,324,Fall,-0.8709275519999999,-2.5972659858,1.7263321551
2024,325,Fall,-0.2733368976,-1.862566851,1.5892418193
2024,326,Fall,0.38295128159999997,-1.5220485526,1.9050034999
2024,327,Fall,-0.13936769260000004,-2.4271734642,2.2877949809
2024,328,Fall,-0.5879169216,-2.4369890286,1.8490795538
2024,329,Fall,-0.29586630259999996,-1.7858161198016,1.4899480304
2024,330,Fall,-0.9183004996,-1.9085095574,0.9902237478
2024,331,Fall,0.5559626548000001,-0.10044453519999996,0.6564032174
2024,332,Fall,-1.2371390498000001,-1.9145779492,0.6774364498
2024,333,Fall,0.8000677812,0.1316319332,0.6684363284
2024,334,Fall,-1.7986912872,-2.4348582518,0.6361791514
2024,335,Fall,-1.0546009478,-1.553867037,0.49927490680000003
2024,336,Fall,-1.165538419,-1.5646507948,0.3991122159
2024,337,Fall,-1.3745833496,-1.7313481175,0.3567643765
2024,338,Fall,-0.40060046880000005,-0.7577750878,0.35717741470000003
2024,339,Fall,-2.2282407932,-2.6651923513,0.4369546804
2024,340,Fall,-0.292091832,-0.7716511100259,0.4795629028
2024,341,Fall,-0.9162736848,-1.2595662777,0.3432906681
2024,342,Fall,-0.6990515132,-1.04973297,0.3506759361
2024,343,Fall,-0.3803796531,-0.918942293,0.5385595239
2024,344,Fall,-0.3023925227,-0.80592058,0.5035292388
2024,345,Fall,-0.980409352,-1.369941075,0.3895364495
2024,346,Fall,-2.580949656,-3.279138033,0.6981941476
2024,347,Fall,-1.028029968,-1.58691279042,0.5588926945
2024,348,Fall,-1.0863204192,-1.3894693344,0.3031450389
2024,349,Fall,-1.0509205676,-1.3267430643,0.275827259
2024,350,Fall,-0.9290265691,-1.20289131,0.2738700707
2024,351,Fall,-0.5370600327,-1.004212081,0.4671466176
2024,352,Fall,-2.01362397,-2.88446521,0.8708402779
2024,353,Fall,-3.260373768,-3.841777745,0.5814275148
2024,354,Fall,-1.113995592,-1.6352406141,0.5212489617
2024,355,Fall,0.0076084267999999965,-0.3325100419,0.3401298605
2024,356,Winter,-0.8833279396,-1.1502824509,0.2669580156
2024,357,Winter,-1.0345858081,-1.1645364431,0.1299512796
2024,358,Winter,-0.7890132713,-0.966010186,0.176995617
2024,359,Winter,-1.508603095,-1.842060918,0.333450743
2024,360,Winter,-3.550169736,-3.8522628648,0.302115889
2024,361,Winter,-1.203087168,-1.567025006,0.3639283085
2024,362,Winter,-1.0709196628,-1.3861444723,0.3152384019
2024,363,Winter,-0.1485212108,-0.586532495,0.4380079548
2024,364,Winter,-0.2033162041,-0.722922359,0.519610458
2024,365,Winter,-0.1673769523,-0.926463743,0.7590893296
2024,366,Winter,-1.8306702396,-2.4293858902,0.5987065297
