Field_Code,Type,OM30,BD30,MTC_ha30,CO2e_ha30,DateSampled,DateReceived,Tillage_1to4,Crop2Ago,CropLastYr,CropThisYr,soil_texture_class,soil_texture_sand,soil_texture_silt,soil_texture_clay,water_capacity,water_capacity_rating,pred_water_capacity,pred_water_capacity_rating,surface_hardness,surface_hardness_rating,subsurface_hardness,subsurface_hardness_rating,aggregate_stability,aggregate_stability_rating,organic_matter,organic_matter_rating,soc,total_c,total_n,ace_soil_protein_index,ace_soil_protein_index_rating,pred_soil_protein,pred_soil_protein_rating,respiration,respiration_rating,active_carbon,active_carbon_rating,ph,ph_rating,p,p_rating,k,k_rating,mg,fe,mn,zn,minor_elements_rating,overall score,Mod. Morgan Al. ppm,Mod. Morgan Ca. ppm,Mod. Morgan Cu. ppm,Mod. Morgan S. ppm,Mod. Morgan B. ppm,CN_ratio
AW14,Pasture,3.74,NA,NA,NA,8/31/2021,9/28/2021,1,PIT,PIT,PIT,sandy loam,57.72632,27.6498,14.62388,,,0.224268,91.096,NA,NA,NA,NA,83.37471,99.81912,5.47017,99.99928,,3.967,0.338,,,12.3454,92.1168,1.102299,95.29672,734.7053,92.27082,5.48,7.289757,12.5,100,301.8,100,127.6,15.9,11.8,2.2,100,87.78885,68.57,992.8,0.24,10.79,0.09,11.73668639
NW19C,Corn,7.17,1.338458201,143.9511795,527.8209916,4/8/2021,4/27/2021,2,COS,COS,COS,silty clay loam,17.87653966,52.82370941,29.29975092,,,0.260817742,93.95542134,NA,NA,NA,NA,30.31459642,40.26088294,7.42,99.9927652,,4.935,0.47,,,16.0779734,99.96539097,1.334959491,99.28545102,1083.945734,99.4531866,6.87,100,4.3,100,101.9,100,195.4,1.9,1.9,0.7,100,93.29130981,3.78,5412.7,0.32,9.19,0.89,10.5
NW19T,Corn,4.51,1.234769365,83.53214754,306.284541,4/8/2021,4/27/2021,2,COS,COS,COS,loam,37.28190259,37.50163876,25.21645865,,,0.230815872,86.20277528,NA,NA,NA,NA,44.06718004,76.60666515,4.74,97.3402426,,3.098,0.293,,,9.955625988,85.24869643,0.86680154,81.3089398,895.9635558,98.38364933,7.44,94.91182475,2.8,80.4,68.4,93.78988,156.2,0.8,4.8,0.4,100,89.41926733,3.07,4070.6,0.21,12.69,0.93,10.57337884
NW10C,Corn,4.23,1.35466715,85.95363067,315.1633124,4/7/2021,4/27/2021,2,COS,COS,COS,loam,36.98526398,46.68751271,16.32722331,,,0.237531345,88.35241698,NA,NA,NA,NA,43.26560775,75.21979535,4.93,98.40013538,,3.341,0.286,,,11.85579783,94.77019882,0.505043123,37.58028146,963.3533934,99.38707269,6.55,100,17.4,100,230.2,100,188.7,2.9,3.9,3,100,89.37099007,26.73,1762.1,1.56,7.61,0.33,11.68181818
NW10T,Corn,4.39,1.312906053,86.45486359,317.0011665,4/7/2021,4/27/2021,2,COS,COS,COS,silt loam,33.64049045,50.24134117,16.11816838,,,0.25366366,92.52047464,NA,NA,NA,NA,44.57771544,77.46707089,5.02,98.75980902,,3.49,0.308,,,10.84178116,90.58611556,0.639815867,55.27924118,883.5496384,98.09250852,6.82,100,11.1,100,180.1,100,179.5,2.6,5.4,2,100,91.27052198,27.47,1925.9,1.55,7.66,0.31,11.33116883
NW01C,Corn,2.9,1.39684454,60.76273749,222.7967041,4/9/2021,4/27/2021,2,COS,COS,COS,sandy loam,74.07473767,16.08105798,9.844204353,,,0.161871261,67.55546258,NA,NA,NA,NA,36.5810232,62.17411355,2.64,78.81446014,,2.031,0.139,,,7.928612421,56.00248109,0.320617264,17.58554615,548.3738671,68.85941414,5.37,2.531837239,8.6,100,154.9,100,37.7,6.8,5.2,2,100,65.35233149,77.96,290.1,1.21,16.03,0.04,14.61151079
NW01T,Corn,4.51,1.38687835,93.82232038,344.0151747,4/9/2021,4/27/2021,2,COS,COS,COS,sandy loam,74.02142946,16.53747058,9.441099963,,,0.158110344,65.60020798,NA,NA,NA,NA,48.96625886,84.08907449,4.2,99.70202368,,3.771,0.271,,,12.95558973,94.37789271,0.34189717,19.48000629,679.6067088,87.45226417,5.61,19.38938408,6.1,100,170.1,100,53.9,11.7,3.4,1.8,100,77.00908534,123.21,358,0.79,14.65,0.04,13.91512915
WR1,Corn,4.84,1.445381198,104.934675,384.7604749,5/11/2021,5/18/2021,,COS,COS,COS,sandy loam,68.25945,21.21676,10.52379,,,0.179758,76.14032,NA,NA,NA,NA,63.41566,96.41383,3.64,97.98178,,3.229,0.274,,,11.41902,87.4576,0.659677,57.88388,659.7037,85.28001,6.17,95.36979,16.5,100,139.8,100,81.9,3.4,3.8,16.2,100,89.65272,22.86,1030.8,1.55,12.43,0.18,11.78467153
WR4,Corn,3.63,1.357688937,73.92616262,271.0625963,5/4/2021,5/13/2021,4,COS,COS,COS,sandy loam,65.87518,23.11791,11.00691,,,0.174012,73.52433,NA,NA,NA,NA,47.22202,81.62652,3.24,93.94292,,2.867,0.218,,,8.829944,65.8567,0.466739,32.84481,677.0788,87.18949,7.03,100,20.5,100,102.3,100,109.2,2.3,2.1,2.4,100,83.49848,20.93,1307.7,0.12,5.13,0.31,13.15137615
D7,Field crops,7.3,1.358427618,148.7478242,545.4086886,7/1/2021,7/21/2021,2,GIE,GIE,SSH,silt loam,32.24371,52.78902,14.96727,,,0.234419,87.38774,NA,NA,NA,NA,70.56397,98.60254,5.105059,99.03311,,3.605,0.36,,,10.74122,90.06419,0.740541,68.02755,794.376,94.42202,6.28,98.54385,12.2,100,136.7,100,166.2,2.4,6.7,2.1,100,93.6081,18.88,1956.7,0.72,7.8,0.52,10.01388889
D8,Pasture,6.67,1.327894117,132.8558064,487.1379568,7/1/2021,7/21/2021,1,GIE,GIE,GIE,silt loam,31.21977,54.32387,14.45636,,,0.25514,92.83609,NA,NA,NA,NA,80.69851,99.7119,5.178994,99.22633,,3.356,0.335,,,10.17782,86.74658,1.279632,98.82571,609.467,72.29788,6.18,95.79407,3.6,100,81.7,100,155.5,4.3,8.3,0.5,100,94.54386,40.91,1326.3,0.12,7.35,0.09,10.01791045
NW06C,Corn,4.1,NA,NA,NA,4/20/2021,4/28/2021,,NA,COS,COS,silt loam,35.71246216,51.04910235,13.23843549,,,0.241674979,89.55395352,NA,NA,NA,NA,44.692405,77.65786266,4.29,92.41186998,,3.031,0.243,,,9.580459348,82.47119763,0.715004871,64.92697052,732.6280084,89.57043969,6.8,100,5.3,100,167.5,100,188.2,2.3,3.5,0.9,100,89.6592294,67.25,1936.4,0.1,20.9,0.32,12.47325103
NW06T,Corn,5.62,1.23095519,103.7695225,380.4882492,4/20/2021,4/28/2021,,NA,COS,COS,loam,44.66631992,40.29441259,15.03926749,,,0.241028783,89.37272855,NA,NA,NA,NA,30.85331383,49.67489629,4.87,98.11350842,,3.589,0.309,,,15.11363121,99.54754195,0.736284778,67.51872785,998.2723941,99.64632533,6.64,100,18.8,100,306.9,100,288.9,3.4,3.7,2.8,100,90.38737284,30.16,1816,0.17,13.92,0.43,11.61488673
AW10,Veg,1.69,1.459160548,36.98971989,135.6289729,6/16/2021,7/6/2021,4,MIX,MIX,MIX,sandy loam,74.29256,19.509,6.198447,,,0.143475,57.63246,NA,NA,NA,NA,20.85688,28.6545,1.474819,25.5759,0.98352,1.008,0.101,,,4.216634,18.15344,0.428435,28.3701,336.5252,28.523,5.85,58.98942,23.1,100,185.4,100,62.3,6.6,4.2,1.2,100,54.58988,12.24,625,0.18,19.21,0.07,9.98019802
AW11,Veg,2.76,1.374429638,56.90138701,208.638419,6/16/2021,7/6/2021,4,MIX,MIX,MIX,sandy loam,55.84637,32.64311,11.51052,,,0.182607,77.38315,NA,NA,NA,NA,24.98813,36.91925,2.226442,61.14319,1.619725,1.63,0.148,,,5.448908,28.86084,0.577395,46.99679,463.1378,52.61873,6.66,100,31.6,100,83.4,100,99.9,6.6,2.7,1.2,100,70.39219,13.54,1097.3,0.18,41.78,0.18,11.01351351
EL3,Pasture,NA,NA,NA,NA,7/1/2021,7/13/2021,1,NA,NA,NA,loam,47.67586,28.12216,24.20198,,,0.254744,92.75249,NA,NA,NA,NA,89.12966,99.93798,6.68,99.99783,4.719,4.719,0.398,,,17.20677,99.94117,1.432847,99.72497,1102.795,99.94397,6.96,100,8.3,100,95.9,100,303.3,3.6,2.9,2.6,100,99.22984,29.05,2006.1,0.17,7.53,0.52,11.85678392
WR2,Veg,2.58,1.357326323,52.5285287,192.6046052,5/11/2021,5/18/2021,1,STE,STE,STE,loam,42.07774,47.97445,9.947806,,,0.207543,76.7742,NA,NA,NA,NA,38.70482,66.5691,2.69,36.5256,,1.927,0.155,,,6.213882,46.5454,0.425598,28.05058,563.1659,63.36127,7.07,100,15.8,100,239.4,100,107,3.8,1.9,0.8,100,71.78262,21.76,1307,0.09,3.88,0.18,12.43225806
WR3,Veg,2.87,1.239295319,53.35166348,195.6227661,5/11/2021,5/18/2021,3,MIX,MIX,RYC,loam,36.76448,48.43919,14.79633,,,0.21908,81.83027,NA,NA,NA,NA,14.73048,18.30343,2.28,21.18554,,1.601,0.131,,,5.023477,32.72819,0.404318,25.71127,523.0936,54.96709,7.25,100,10.1,100,143.9,100,62.4,4.6,1.4,0.7,100,63.47258,28.18,1262.3,0.05,2.77,0.14,12.22137405
AW8,Hay,6.24,1.296648838,121.3663312,445.0098812,6/10/2021,6/17/2021,1,GRE,GRE,GRE,sandy loam,66.49902,21.069,12.43198,,,0.222238,90.61959,NA,NA,NA,NA,78.14939,99.55959,5.04,99.99277,,3.639,0.273,,,14.15691,97.32304,0.604349,50.57836,920.968,99.07347,6.63,100,24.1,58.4,215.1,100,234.1,6,3,1.7,100,89.55468,18.4,1544,0.06,3.86,0.29,13.32967033
AW9,Hay,4.99,1.231136494,92.15056658,337.8854108,6/10/2021,6/17/2021,1,GRE,GRE,GRE,sandy loam,68.79286,17.69379,13.51335,,,0.20659,86.30543,NA,NA,NA,NA,80.2139,99.68725,5.33,99.99843,,3.426,0.263,,,15.60111,99.04398,0.675282,59.90702,1029.702,99.81253,6.56,100,16.6,100,88.7,100,252.1,6.4,2.4,1.1,100,94.47546,28.65,1568.1,0.05,4.45,0.26,13.02661597
RM10,Veg,5.38,NA,NA,NA,6/2/2021,6/17/2021,3,MIX,MIX,MIX,loam,49.46878,35.04342,15.48779,,,0.219646,82.05956,NA,NA,NA,NA,48.15668,82.97427,4.12,89.3332,,2.598,0.231,,,9.412388,81.12581,0.462483,32.33365,661.8176,80.91286,6.6,100,17.9,100,317.8,100,127.1,4.1,5.2,0.9,100,84.87393,18.92,1742.1,0.09,35.19,0.23,11.24675325
RM9,Veg,3.83,NA,NA,NA,6/2/2021,6/17/2021,3,MIX,MIX,MIX,silt loam,24.88914,61.42698,13.68388,,,0.250371,91.77855,NA,NA,NA,NA,29.58129,46.85891,2.45,27.0563,,1.548,0.141,,,4.827178,30.6107,0.292244,15.24804,437.0997,36.69276,6.58,100,2.7,77.6,92,100,61,2.2,2.6,0.4,100,62.58453,23.65,943.8,0.07,8.96,0.13,10.9787234
AW2,Pasture,5.4,0.978845932,79.28652049,290.7172418,5/20/2021,5/26/2021,1,GRE,GRE,GRE,loam,50.80255,32.14039,17.05706,,,0.240269,89.15682,NA,NA,NA,NA,73.73928,99.12114,6.59,100,,4.903,0.271,,,16.67163,99.8973,0.993062,90.49372,720.5037,91.18952,5.57,14.79065,3.6,100,122.7,100,70.4,61.6,2.2,0.5,56,84.06491,9.74,2635.9,0,3.08,0.21,18.09225092
AW3,Pasture,5.47,1.087975709,89.26840692,327.3174921,5/20/2021,5/26/2021,1,GRE,GRE,GRE,loam,47.88354,35.06548,17.05098,,,0.239881,89.04522,NA,NA,NA,NA,82.01124,99.77012,6.62,99.99712,,4.264,0.366,,,12.93676,97.44437,1.730766,99.99181,731.295,89.43947,5.53,10.98601,11.7,100,176.5,100,66.5,55.3,9.4,3.1,56,84.26741,3.09,2950.5,0,3.69,0.4,11.65027322
WR5,Hay,3.51,1.286172759,67.71699576,248.2956511,5/13/2021,6/15/2021,1,PIE,PIE,PIE,loam,46.59179,41.79451,11.6137,,,0.227324,84.98426,NA,NA,NA,NA,71.21862,98.72706,4.04,87.60685,,2.74,0.241,,,9.440652,81.3564,0.909361,84.87775,632.8217,76.36075,6.74,100,2.1,60.8,67.5,92.8735,130.5,3.8,7.2,0.2,56,82.35866,38.89,1617.1,0.08,6.2,0.3,11.36929461
WR6,Pasture,3.32,1.273955217,63.44296981,232.6242226,5/13/2021,6/15/2021,1,PIE,PIE,PIE,loam,50.41714,35.57573,14.00714,,,0.228431,85.37791,NA,NA,NA,NA,76.46285,99.42268,4.01,99.4006,,2.875,0.243,,,10.87955,83.99265,1.051227,93.37211,580.2667,74.25844,6.11,92.05959,3.3,94.4,48.3,73.32406,83.2,9.5,7.7,0.7,100,89.5608,97.21,607,0.17,8.52,0.08,11.83127572
DC22,Hay,5.28,1.298159732,102.8142508,376.9855862,5/25/2021,6/1/2021,,NA,NA,GRE,silty clay,12.79253,40.60884,46.59863,,,0.23609,87.91244,NA,NA,NA,NA,34.89991,49.78985,4.54,72.57469,,2.453,0.221,,,7.611578,71.58395,0.641235,55.46618,648.5738,64.35146,6.59,100,2.7,77.6,150.1,100,682.8,4.2,6.8,0.8,100,77.92786,25.66,2703.4,0.28,8.98,0.25,11.09954751
DC23,Corn,5.81,1.275073278,111.1226362,407.449666,5/24/2021,6/1/2021,,NA,COS,COS,silty clay loam,13.90074,49.58179,36.51747,,,0.259529,93.71427,NA,NA,NA,NA,50.96883,79.96761,6.45,99.67578,,3.796,0.33,,,11.94198,97.79949,1.343471,99.33984,940.6139,96.62304,7.08,100,6.2,100,331.6,100,846.1,1.9,6.1,1.1,100,96.712,12.53,3350.8,0.33,11.56,0.41,11.5030303
DC24,Hay,6.29,NA,NA,NA,5/24/2021,6/1/2021,,NA,NA,GRE,silty clay loam,10.22307,51.86158,37.91535,,,0.253578,92.50177,NA,NA,NA,NA,57.06785,87.72738,6.04,98.82947,,3.603,0.321,,,10.34112,93.06131,1.024273,92.13547,863.5726,92.54705,6.33,100,1.5,43.9993,160.6,100,849.5,3.7,6.4,0.8,100,90.08017,27.08,2803.8,0.32,5.53,0.16,11.22429907
DC25,Hay,6.34,NA,NA,NA,6/17/2021,6/23/2021,,NA,NA,GRE,silty clay,10.3559,42.42083,47.22327,,,0.254616,92.72535,NA,NA,NA,NA,59.30886,89.96242,6.23,99.33898,,3.694,0.345,,,10.52553,93.84443,1.16472,97.01092,888.3477,94.14121,6.62,100,3,86,345.5,100,616.9,2.4,2.8,1.3,100,95.30233,13.14,2726.3,0.21,5.71,0.39,10.70724638
DC26,Hay,5.81,1.241108392,108.1625964,396.5961867,5/25/2021,6/1/2021,,NA,NA,GRE,clay,12.14302,34.71563,53.14134,,,0.242334,89.73635,NA,NA,NA,NA,46.04734,71.95277,5.28,92.25191,,2.83,0.262,,,8.492345,80.62377,1.073926,94.29183,752.4899,81.25815,7.23,100,12.9,100,380.5,100,659.3,4.3,5,0.7,100,91.01148,11.62,3873,0.17,6.7,0.88,10.80152672
DC38,Corn,5.98,1.092738646,98.01865655,359.4017407,5/14/2021,5/25/2021,3,NA,NA,COS,clay,12.49089,36.58574,50.92337,,,0.237901,88.46336,NA,NA,NA,NA,36.42091,52.9807,4.42,67.96308,,2.748,0.238,,,7.822428,73.91767,0.743378,68.36489,646.7626,64.01325,7.48,92.71024,4.4,100,297.1,100,690.3,3.2,13.3,0.7,100,80.84132,15.43,6721.6,0.15,8.05,0.46,11.54621849
DC39,Hay,5.64,1.317106337,111.4271961,408.5663857,5/25/2021,6/1/2021,,NA,NA,GRE,clay,10.69417,38.24651,51.05932,,,0.245457,90.56981,NA,NA,NA,NA,38.28694,56.8673,5.14,89.73627,,2.901,0.279,,,8.527166,80.94094,0.776007,72.12943,790.1147,85.8941,6.97,100,9.8,100,249.6,100,536,1.4,4.1,1.1,100,87.61379,12.29,4031.3,0.2,6.7,0.54,10.39784946
DC40,Corn,5.48,1.134983,93.2956026,342.0838762,5/14/2021,5/25/2021,1,NA,NA,COS,clay,9.303294,38.62728,52.06943,,,0.270078,95.48207,NA,NA,NA,NA,44.25876,68.69782,5.15,89.93361,,3.018,0.292,,,8.793117,83.25703,0.686632,61.36221,729.4965,78.00856,6.4,100,2.5,72,181.5,100,1030.8,3.9,6.4,0.9,100,84.87413,18.51,2411.6,0.11,62.95,0.28,10.33561644
DA3,Corn,3.26,1.354820438,66.25071942,242.9193045,4/13/2021,4/28/2021,,NA,NA,COS,silty clay,6.680325043,43.57056444,49.74911051,,,0.254985806,92.80361902,NA,NA,NA,NA,33.44291031,46.73424063,3.86,43.819168,,2.251,0.237,,,3.920145927,25.46425225,0.523485709,39.93431536,683.6935163,70.65960471,6.76,100,6.9,100,197.3,100,885.7,2.5,4.9,0.6,100,71.94152,8.32,2768.4,0.33,7.47,0.32,9.497890295
DA2,Corn,4.22,1.420431187,89.91329414,329.6820785,4/13/2021,4/28/2021,,NA,NA,COS,silty clay,12.64643648,44.15159402,43.20196951,,,0.242982027,89.91364734,NA,NA,NA,NA,39.96621981,60.31002568,4.24,60.51370895,,2.536,0.252,,,4.20479682,28.60138495,0.610023997,51.33275076,708.1607623,74.72317458,6.6,100,10.4,100,171.2,100,792.9,3.8,4.7,0.9,100,76.53946923,4.6,2945.6,0.19,8.46,0.37,10.06349206
DA4,Corn,4.33,1.333974492,86.64164326,317.6860253,4/13/2021,4/28/2021,,NA,NA,COS,silty clay,10.77532934,43.39058795,45.8340827,,,0.246125515,90.74157388,NA,NA,NA,NA,43.86434037,67.95870021,5.21,91.0597645,,3.365,0.32,,,6.934680897,63.4912831,0.787356554,73.38575367,933.6089581,96.35171188,6.58,100,21,100,182.6,100,832.6,6.1,3.7,1.2,100,88.29887872,5.44,3115.9,0.17,10.22,0.45,10.515625
DA1,Corn,3.8,1.402159839,79.92311082,293.0514064,4/13/2021,4/28/2021,,NA,NA,COS,silty clay,11.23446952,41.21785505,47.54767543,,,0.240011948,89.08297869,NA,NA,NA,NA,39.57648301,59.51711044,4.23,60.08529798,,2.365,0.245,,,3.768680216,23.87156852,0.688050322,61.54304108,720.3943853,76.63784233,6.59,100,12.4,100,221.5,100,848.9,7.1,6,1.1,100,77.0737839,2.71,2993.4,0.31,11.29,0.36,9.653061224
WR8,Hay,5,1.382830206,103.7122655,380.2783067,6/10/2021,6/17/2021,1,GRE,GRE,GRE,loam,50.0622,32.27695,17.66085,,,0.229708,85.82382,NA,NA,NA,NA,90.53414,99.95293,4.94,99.98811,,3.749,0.276,,,10.47297,88.56918,1.16472,97.01092,774.1765,94.74786,6.72,100,4.5,100,28.7,37.17154,133.8,8.3,4.3,1,100,90.32644,47.26,1865.8,0.13,6.11,0.13,13.58333333
WR7,Hay,4.26,1.224541426,78.24819712,286.9100561,6/10/2021,6/17/2021,1,GRE,GRE,GRE,loam,46.44626,32.74681,20.80693,,,0.233474,87.0841,NA,NA,NA,NA,88.68458,99.9324,4.48,94.99578,,3.265,0.262,,,10.15912,86.62467,0.902268,84.31672,605.6381,71.60058,5.47,6.68072,4.8,100,32.4,44.74808,25.2,15.2,10.1,0.9,56,73.1983,145.96,606.4,0.13,6.15,0.09,12.46183206
RM11,Veg,6.24,NA,NA,NA,6/2/2021,6/17/2021,3,MIX,MIX,MIX,loam,33.39683,44.89772,21.70545,,,0.236205,87.94774,NA,NA,NA,NA,74.23168,99.18418,5.36,99.56321,,3.269,0.316,,,9.950698,85.21424,0.852615,80.012,808.6091,95.23577,6.2,96.54818,34.4,23.32,191.5,100,195.8,5.7,10.7,3.8,100,86.70253,20.32,1535.7,0.26,12.19,0.28,10.34493671
RM4,Veg,2.52,1.43831,54.368118,199.349766,4/27/2021,5/13/2021,3,MIX,MIX,MIX,sandy loam,69.29816,18.5517,12.15014,,,0.162775,68.01838,NA,NA,NA,NA,33.71137,55.98668,2.9,86.97055,,2.223,0.194,,,7.252883,48.3236,0.544766,42.69618,617.151,79.83537,7.04,100,16.1,100,197.3,100,110.7,1.6,5.4,0.6,100,78.18308,9.64,1356.9,0.08,8.36,0.27,11.45876289
RM5,Veg,2.79,1.345028,56.2894218,206.3945466,4/27/2021,5/13/2021,3,MIX,MIX,MIX,sandy loam,76.34985,15.01018,8.639974,,,0.159371,66.26048,NA,NA,NA,NA,36.00382,60.949,2.98,88.97124,,2.703,0.221,,,8.261968,59.72659,0.580232,47.37315,671.6308,86.61024,7.23,100,49.1,100,260.4,100,130.7,2.8,1.9,1.1,100,80.98907,12.28,1566.7,0.12,6.5,0.37,12.23076923
RM1,Veg,4.85,1.198501194,87.19096186,319.7001935,3/31/2021,4/14/2021,4,MIX,MIX,MIX,loam,47.71241,38.43097,13.85662,,,0.239225,88.8548,NA,NA,NA,NA,59.5067,94.33696,4.34,93.17417,,3.145,0.261,,,10.25797,87.26022,0.668189,58.99036,739.5942,90.23578,6.57,100,3.1,88.8,118.9,100,137.4,6.7,5.5,1.1,100,90.16523,71.63,1234.3,0,11.64,0.09,12.04980843
NW12C,Corn,4.38,NA,NA,NA,4/26/2021,5/13/2021,,NA,NA,COS,silt loam,6.625967,70.82423,22.5498,,,0.306979,98.81269,NA,NA,NA,NA,30.08904,47.98186,4.93,98.40014,,3.074,0.291,,,8.110794,68.72674,0.818567,76.68636,829.6222,96.26043,6.48,100,7.7,100,123.1,100,244.7,1.7,6.2,0.5,100,88.68682,14.33,2273.1,0.14,10.5,0.23,10.56357388
NW12T,Corn,4.23,NA,NA,NA,4/26/2021,5/13/2021,2,NA,NA,COS,silty clay loam,10.2817,62.20428,27.51403,,,0.291169,97.82032,NA,NA,NA,NA,21.76513,24.30353,4.83,82.17937,,3.001,0.286,,,7.962955,75.41639,0.818567,76.68636,836.8862,90.48058,6.9,100,11,100,167.4,100,208.5,1.5,6.7,0.7,100,84.68866,9.65,2270.9,0.12,10.94,0.35,10.49300699
LO16,Hay,3.53,1.351584927,71.56642188,262.4102136,6/24/2021,7/6/2021,1,NA,NA,HAY,sandy loam,59.03471,29.95465,11.01064,,,0.207659,86.63742,NA,NA,NA,NA,86.87087,99.90452,3.244832,94.01508,2.243772,2.272,0.186,,,7.537701,51.56916,0.648328,56.39898,587.9417,75.48112,6.7,100,25,100,342.2,100,134.6,10.9,4.2,4.9,100,86.40063,33.84,1608.8,0.36,21.92,0.53,12.21505376
LO17,Hay,2.35,1.401383978,49.39878522,181.1288792,6/25/2021,7/6/2021,2,NA,NA,HAY,sandy loam,73.06972,19.31645,7.613832,,,0.168014,70.64531,NA,NA,NA,NA,67.92307,97.98802,2.977728,88.91763,2.330097,2.351,0.187,,,7.836307,54.96032,0.513555,38.66161,539.1054,67.20305,6.83,100,18.1,100,99.7,100,192.4,6.7,1.4,1.2,100,81.83759,18.77,897.3,0.25,2.39,0.23,12.57219251
LO18,Corn,2.89,1.437403681,62.31144957,228.4753151,6/25/2021,7/6/2021,2,NA,NA,COG,sandy loam,59.07056,29.20912,11.72032,,,0.180111,76.29665,NA,NA,NA,NA,38.38267,65.91515,3.387235,95.85448,2.229059,2.251,0.2,,,8.368656,60.90174,0.584488,47.93814,703.7018,89.76918,6.51,100,24.3,100,187.5,100,206,1.9,3.1,2,100,83.66753,7.77,1037.3,1.96,6.95,0.25,11.255
LO19,Corn,2.39,1.355271508,48.58648356,178.1504397,6/24/2021,7/6/2021,2,NA,NA,COG,sandy loam,61.4182,26.33242,12.24939,,,0.196108,82.75191,NA,NA,NA,NA,48.62864,83.63012,2.465591,71.97128,,1.786,0.156,,,7.144221,47.08713,0.648328,56.39898,631.3517,81.77327,6.2,96.54818,32.6,100,385.4,100,183.9,8.6,4.4,4.6,100,82.01609,31.15,1863.4,0.25,24.39,0.48,11.44871795
LO20,Corn,2.06,1.463874535,45.23372313,165.8569848,6/30/2021,7/6/2021,,NA,NA,COG,sandy loam,65.31384,25.80658,8.879582,,,0.190559,80.6516,NA,NA,NA,NA,45.21467,78.51497,2.847768,85.53617,1.876933,1.991,0.165,,,7.458363,50.66521,0.82566,77.4035,723.598,91.43424,7.11,100,39.9,100,285.3,100,188.1,4.1,4.4,2.4,100,86.42057,9.99,2076.2,1.7,10.35,0.42,12.06666667
LO21,Corn,3.36,1.477956063,74.48898558,273.1262804,7/7/2021,7/13/2021,,NA,NA,COS,loam,40.01275,41.17676,18.81049,,,0.235356,87.68391,NA,NA,NA,NA,12.0095,14.57063,3.586419,74.26627,,2.392,0.212,,,8.420847,71.97419,0.886663,83.03483,737.9509,90.08171,6.1,91.3659,8.4,100,171.9,100,298.3,4.2,8.8,1.3,100,81.29774,19.35,1217.3,1.12,8.52,0.27,11.28301887
LO22,Corn,2.98,1.556725,69.5856075,255.1472275,8/5/2021,8/9/2021,2,CORN,CORN,CORN,loam,47.78826,33.0505,19.16124,,,0.18864,67.02537,NA,NA,NA,NA,19.97815,27.01614,2.764737,39.68906,2.021314,2.101,0.173,,,6.405131,48.85327,0.645491,56.02626,740.0511,90.2783,7.51,90.62786,24.3,100,78.8,100,181.1,2.1,3.3,0.8,100,71.95163,8.14,2142.3,0.74,5.21,0.5,12.14450867
LO23,Corn,2.23,NA,NA,NA,8/5/2021,8/16/2021,2,NA,NA,COS,loam,38.71487,43.6727,17.61243,,,0.199898,73.03305,NA,NA,NA,NA,16.56586,21.13063,2.696664,36.80435,1.868,1.868,0.164,,,6.285848,47.4129,0.546184,42.88174,725.5839,88.86485,6.89,100,18.5,100,146,100,226.8,1.8,2,1.1,100,71.01275,10.96,1575.2,1.1,5.83,0.39,11.3902439
LO24,Corn,3.44,NA,NA,NA,8/9/2021,8/16/2021,,NA,NA,COS,sandy loam,69.9411,19.80568,10.25322,,,0.19757,83.28002,NA,NA,NA,NA,52.75838,88.66299,4.050818,99.48192,3.181124,3.239,0.296,,,13.33945,95.51504,0.695144,62.44334,998.6534,99.69584,6.97,100,80.2,100,380,100,218,2.9,1.9,3.3,100,92.90792,7.69,2274.4,0.86,9.77,0.53,10.94256757
LO25,Corn,3.13,1.506536,70.7318652,259.3501724,8/5/2021,8/9/2021,,CORN,CORN,CORN,loam,33.37261,43.83814,22.78925,,,0.231796,86.53224,NA,NA,NA,NA,24.63069,36.17255,3.326951,64.18018,2.352859,2.378,0.208,,,6.483736,49.80339,0.801543,74.91478,778.0277,93.35614,7.38,97.18748,20.7,100,241,100,267.3,2.8,3.8,0.8,100,80.21468,6.53,1933.3,0.7,10.57,0.62,11.43269231
LO26,Corn,5.65,1.408395,119.3614763,437.6587463,7/22/2021,7/26/2021,,NA,NA,NA,silty clay loam,11.13506,53.91712,34.94782,,,0.252965,92.36737,NA,NA,NA,NA,16.30693,16.25956,3.64,34.45783,2.017,2.017,0.206,,,6.600048,59.2255,0.537672,41.77086,567.7718,48.55851,7.02,100,3,86,138.6,100,322.6,1.7,3.1,0.5,100,67.86396,21.73,2044.9,0.43,6.92,0.13,9.791262136
LO27,Corn,3.26,1.399419817,68.43162905,250.9159732,7/28/2021,8/4/2021,,NA,NA,COS,silt loam,16.60096,62.92417,20.47487,,,0.282327,97.00791,NA,NA,NA,NA,3.930364,6.630759,2.531341,30.12767,1.587074,1.605,0.154,,,5.623496,39.52709,0.520648,39.56953,674.6853,82.74778,7.12,100,13.3,100,163.1,100,166.7,1.6,3.7,0.7,100,69.56107,12.68,1508.3,0.47,7.74,0.21,10.42207792
LO28,Corn,4.56,NA,NA,NA,8/4/2021,8/9/2021,,NA,NA,COS,sandy loam,57.3595,31.47866,11.16184,,,0.186153,78.87779,NA,NA,NA,NA,44.22274,76.87074,2.57559,76.40796,1.766198,1.814,0.145,,,6.237788,36.99218,0.482345,34.74608,535.7011,66.58584,6.65,100,14.4,100,161.1,100,183.9,1.5,2.7,0.9,100,77.04806,11.22,995.6,0.18,5.28,0.21,12.51034483
LO30,Corn,NA,NA,NA,NA,8/4/2021,8/9/2021,2,NA,NA,COS,sandy loam,53.45981,32.54075,13.99944,,,0.189218,80.1217,NA,NA,NA,NA,63.49793,96.44971,2.794872,83.97888,1.807,1.807,0.146,,,6.250758,37.13217,0.602931,50.38972,539.3179,67.24142,6.75,100,5.6,100,133.8,100,132.4,5.3,3.9,0.6,100,81.53136,15.12,744.7,0.35,6.61,0.11,12.37671233
LO31,Corn,3.48,1.378297525,71.94713081,263.8061463,7/16/2021,7/21/2021,2,NA,NA,COS,silt loam,29.04684,54.59933,16.35383,,,0.265187,94.71967,NA,NA,NA,NA,37.0669,63.19604,3.903804,84.23654,,2.752,0.261,,,9.508482,81.90264,0.719261,65.45139,761.745,92.1442,6.24,97.72499,15.2,100,295.5,100,223.5,8.2,4.1,2.1,100,87.93755,28.95,1162.3,0.71,11.7,0.23,10.5440613
LO32,Corn,2.77,1.490103647,61.91380653,227.0172906,7/16/2021,7/21/2021,2,NA,NA,COS,loam,36.56574,44.965,18.46926,,,0.207902,76.94269,NA,NA,NA,NA,13.25996,16.21751,2.824621,42.27491,,1.745,0.174,,,5.938137,43.24023,0.605768,50.76699,584.0874,67.52749,6.3,100,7.7,100,198.5,100,227.3,2.3,5.4,0.8,100,69.69698,24.02,1109.7,0.41,8.24,0.12,10.02873563
LO33,Corn,2.55,1.50497084,57.56513463,211.0721603,7/23/2021,7/26/2021,1,NA,NA,COS,loam,46.47477,38.75303,14.77221,,,0.191499,68.60202,NA,NA,NA,NA,19.44736,26.04972,2.44,26.68979,1.592,1.592,0.154,,,5.504183,38.14164,0.509299,38.11978,547.8307,60.20065,6.92,100,15.7,100,183.4,100,134.6,1.1,2.7,0.9,100,65.78036,13.63,1040.1,0.49,6.64,0.16,10.33766234
LO34,Hay,3.93,1.494878071,88.12306229,323.117895,7/15/2021,7/21/2021,2,NA,NA,HAY,clay loam,23.13523,47.35832,29.50645,,,0.239,88.78913,NA,NA,NA,NA,19.02732,20.02671,3.356702,23.73738,2.103,2.103,0.196,,,6.564771,58.76836,0.86822,81.43571,676.5419,69.41714,7.05,100,6.1,100,126.6,100,327.3,5,4.4,0.7,100,74.21744,12.01,1639.6,0.65,5.47,0.25,10.72959184
LO35,Corn,4.03,1.489384,90.0332628,330.1219636,7/23/2021,7/26/2021,,NA,NA,COS/BCE,clay loam,27.72623,38.49227,33.78149,,,0.247678,91.13134,NA,NA,NA,NA,9.785852,9.224435,3.88,44.69649,2.411,2.411,0.217,,,7.1898,66.6378,0.587325,48.31503,768.9964,83.39722,6.97,100,4.4,100,167.8,100,419.9,1.6,3.3,0.7,100,74.34023,14.76,1729,0.8,5.66,0.23,11.11059908
NW23C,Corn,3.08,1.39069872,64.25028086,235.5843632,4/20/2021,4/28/2021,,NA,COS,COS,sandy loam,70.4979787,18.96904375,10.53297754,,,0.181892652,77.07513701,NA,NA,NA,NA,49.73640562,85.10416703,2.81,84.43504767,,1.775,0.171,,,7.030154147,45.79219951,0.58874409,48.50353168,554.3666443,69.91067716,5.73,37.51735118,8.9,100,453.6,100,154.2,4.9,5,1.3,100,74.83381112,47.78,867.5,1.75,11.95,0.11,10.38011696
NW23T,Corn,4.64,NA,NA,NA,4/20/2021,4/28/2021,,NA,COS,COS,loam,37.72925504,42.06004502,20.21069994,,,0.233428016,87.06906186,NA,NA,NA,NA,33.35420686,55.20289943,5.05,98.86300895,,3.119,0.297,,,9.955859389,85.25032712,0.780263252,72.60392122,875.9361638,97.89275942,6.48,100,19.1,100,389.5,100,322.9,1.5,5.8,0.7,100,89.6881978,7.8,2197.9,0.58,12.83,0.46,10.5016835
NW07C,Corn,4.3,1.350738827,87.12265434,319.4497326,4/7/2021,4/27/2021,2,COS,COS,COS,loam,33.12840733,47.86835949,19.00323318,,,0.225879792,84.45977204,NA,NA,NA,NA,63.80573085,96.58135006,4.57,95.94591896,,2.964,0.269,,,9.116381461,78.60653112,0.625629262,53.40405755,725.715545,88.87834885,6.13,93.31927987,6.7,100,200.7,100,163.6,5.3,7.3,1.2,100,89.11952585,73.42,1177.6,1.18,12.52,0.17,11.01858736
NW07T,Corn,4,1.24751458,74.8508748,274.4532076,4/7/2021,4/27/2021,2,COS,COS,COS,silt loam,27.16800828,54.99154492,17.8404468,,,0.249632766,91.60473246,NA,NA,NA,NA,45.0353607,78.2228701,3.48,70.30985714,,2.255,0.21,,,7.825040161,65.59840365,0.583069448,47.74975692,603.3497872,71.17988417,5.57,14.79064691,12.5,100,221.6,100,119.9,7,9.2,2.7,100,73.94561514,66.35,714.3,1.59,11.29,0.09,10.73809524
D1,Field crops,6.54,1.181408738,115.8961972,424.9527231,5/3/2021,5/18/2021,3,WHT,WHT,WHT,loam,43.99143,39.53854,16.47003,,,0.238644,88.68443,NA,NA,NA,NA,85.78236,99.88306,5.76,99.89177,,4.316,0.373,,,11.20147,92.28764,1.127835,96.07495,783.5635,93.73345,6.65,100,3.1,88.8,157.1,100,124.6,9.4,2.3,2.1,100,95.93553,85.72,2086.3,0.11,13.42,0.2,11.57104558
VE2,Pasture,4.53,1.193001541,81.06445471,297.2363339,5/6/2021,5/18/2021,1,PIT,PIT,PIT,silt loam,28.10327028,53.20593098,18.69079874,,,0.246052895,90.72303256,231.25,21.49085774,306.25,47.73450152,87.25074837,99.91111003,4.33,93.02663659,,3.163,0.205,,,9.341246549,80.5376518,0.673863718,59.72410885,581.3805447,66.99933619,6.13,93.31927987,2,58,144.2,100,220,14.4,3.2,0.6,100,75.95554293,125.69,938.1,0.03,10.78,0.06,15.42926829
VE1,Pasture,3.86,1.183210951,68.50791406,251.1956849,5/6/2021,5/18/2021,1,PIT,PIT,PIT,loam,47.14609426,35.88950741,16.96439833,,,0.231908177,86.56972506,208.75,29.96671497,296.25,51.35976711,78.62377461,99.59246822,4.14,89.73627482,,3.166,0.231,,,9.644569102,82.9679561,1.063995344,93.90263053,761.7059218,92.14109979,6.91,100,4.7,100,128,100,198.5,12.4,3.9,0.6,100,85.51971972,39.5,1243.2,0.07,6.1,0.16,13.70562771
RM2,Veg,4.12,1.301785876,80.45036714,294.9846795,5/11/2021,5/25/2021,4,MIX,MIX,MIX,silty clay loam,19.23169,50.52889,30.23942,,,0.268964,95.31666,NA,NA,NA,NA,18.19696,18.82481,4.73,79.13491,,3.288,0.39,,,12.25781,98.29662,0.716424,65.1021,1019.065,98.68016,7.42,95.79407,89.7,100,458,100,293.8,1.3,5.6,1,100,85.11493,7.04,1059.5,0.74,3.82,0.29,8.430769231
RM3,Veg,5.72,1.086513764,93.22288095,341.8172302,5/11/2021,5/25/2021,4,MIX,MIX,MIX,loam,38.89647,39.98703,21.1165,,,0.225353,84.2654,NA,NA,NA,NA,25.45959,37.91172,3.88,83.59079,,2.713,0.293,,,10.40371,88.15839,0.787357,73.38575,974.1009,99.4807,7.42,95.79407,63.7,100,253.7,100,181,1.5,5.6,0.9,100,86.25868,3.77,1067.8,0.38,3.6,0.33,9.259385666
AW15,Pasture,5.86,NA,NA,NA,8/31/2021,9/28/2021,1,PIT,PIT,PIT,silty clay loam,17.75656,42.30239,39.94104,,,0.251559,92.05232,NA,NA,NA,NA,58.5868,89.27729,6.300941,99.4715,4.133015,4.164,0.416,,,12.11412,98.08381,1.187419,97.48887,956.9388,97.19137,6.96,100,5,100,322,100,599.5,1.3,4.4,0.6,100,97.35652,7.96,3548.6,0.12,12.56,0.62,10.00961538
AW16,Pasture,8.68,NA,NA,NA,8/31/2021,9/28/2021,1,PIT,PIT,PIT,silty clay loam,15.0508,45.90873,39.04047,,,0.252462,92.25577,NA,NA,NA,NA,79.18173,98.99735,7.001432,99.95734,4.223111,4.245,0.43,,,12.9403,99.05314,1.151952,96.71042,922.61,95.8899,7.05,100,7,100,193.3,100,659.2,1.1,3.1,0.6,100,98.28639,7.13,4391.6,0.06,11.29,0.62,9.872093023
VE9,Hay,5.9,1.062581211,94.03843717,344.807603,5/14/2021,5/18/2021,1,CGT,CGT,CGT,silty clay,7.832677791,46.62308209,45.54424012,,,0.258437311,93.50403472,56.25,89.70586546,170.625,88.02298056,39.58099048,59.5263039,5.67,96.82415332,,3.263,0.331,,,8.923507692,84.32333752,0.936315903,86.88673503,787.2064802,85.56624118,7.14,100,5.6,100,334.4,100,743,2.4,4.2,0.6,100,90.36330431,7.94,3576.7,0.1,5.7,0.91,9.858006042
VE10,Pasture,6.16,0.999184117,92.32461241,338.5235788,5/14/2021,5/18/2021,1,GRT,GRE,GRT,silty clay,11.06136192,45.65595693,43.28268115,,,0.277752616,96.49743408,136.25,62.77048589,143.75,92.22623036,21.87933866,24.49206929,5.61,96.31836442,,3.343,0.316,,,9.274917857,86.96996814,1.085275251,94.71238785,816.3499755,88.62357579,6.82,100,3.3,94.4,298,100,743.8,3.9,14,0.7,100,86.41754299,21.49,2197.9,0.05,9.95,0.26,10.57911392
EL5,Hay,NA,NA,NA,NA,7/28/2021,8/4/2021,1,NA,NA,NA,silt loam,29.10315,53.99595,16.9009,,,0.269707,95.42752,NA,NA,NA,NA,83.84414,99.83365,6.086467,99.96975,,4.328,0.347,,,11.33667,92.86294,0.893756,83.62562,586.3844,67.97296,5.45,5.581502,5.6,100,88.5,100,41,28.1,10.8,1.9,56,80.12739,288.64,585.7,0.18,19.52,0.06,12.47262248
AW1,Veg,2.11,1.441875925,45.63537303,167.3297011,4/27/2021,5/13/2021,3,MIX,MIX,MIX,loamy sand,86.67461,6.473622,6.851767,,,0.099758,33.28615,NA,NA,NA,NA,59.71973,94.47043,2.64,78.81446,,2.143,0.153,,,8.049063,57.35606,0.261034,12.92617,695.2387,88.99371,6.98,100,31.8,100,93.9,100,120.5,1.6,1.5,1.7,100,76.5847,5.85,1153.5,0.06,2.59,0.22,14.00653595
NW02C,Corn,1.79,1.386629194,37.23099386,136.5136441,4/7/2021,4/27/2021,2,COS,COS,COS,sandy loam,57.46952742,29.2728679,13.25760468,,,0.171312466,72.2464371,NA,NA,NA,NA,1.880618197,5.285895075,1.44,24.19636522,,1.092,0.083,,,4.611562053,21.28136422,0.398643589,25.10503743,420.687859,44.17393857,6.49,100,10.4,100,34.5,48.66815,42.6,5.6,4.2,2.6,100,54.09571876,18.24,832.7,0.59,2.8,0.13,13.15662651
NW02T,Corn,1.72,1.404568335,36.23786304,132.8721645,4/7/2021,4/27/2021,2,COS,COS,COS,sandy loam,64.31309532,26.05541696,9.631487721,,,0.168194046,70.73395836,NA,NA,NA,NA,8.173497421,10.23741524,1.4,22.66273524,,1.174,0.101,,,4.723333573,22.22066884,0.462483309,32.33365079,369.2587724,34.32144127,6.57,100,5,100,26.5,33.204825,33.5,4.6,3.5,1.3,100,52.57146947,14.53,1113,0.36,4.03,0.06,11.62376238
NW08C,Corn,5.15,NA,NA,NA,4/27/2021,5/13/2021,,NA,NA,COS,loam,32.97363,49.23965,17.78672,,,0.222153,83.05125,NA,NA,NA,NA,74.64353,99.23382,4.69,96.97942,,3.119,0.273,,,11.34159,92.88323,0.697981,62.8016,624.415,74.93716,5.95,75.2323,14.7,100,180.4,100,122.5,5.9,6.9,2,100,88.51188,69.92,1270.6,0.07,9.02,0.15,11.42490842
NW08T,Corn,4.87,NA,NA,NA,4/27/2021,5/13/2021,,NA,NA,COS,loam,33.77498,46.75402,19.471,,,0.216268,80.66629,NA,NA,NA,NA,80.97217,99.72503,4.68,96.90259,,2.911,0.261,,,9.777936,83.97215,0.80438,75.21491,551.7753,61.021,6.04,86.23436,9.5,100,147.1,100,104.2,6.8,10.5,1.9,100,88.37363,69.62,1187.9,0.12,11.6,0.13,11.1532567
NW11C,Corn,3.82,NA,NA,NA,4/8/2021,4/27/2021,2,COS,COS,COS,loam,50.72540213,34.6611521,14.61344577,,,0.204544441,75.34223973,NA,NA,NA,NA,39.38294749,67.9291784,4.02,99.42150855,,2.851,0.235,,,10.55171748,89.0237691,0.554696239,43.99829136,736.3560457,92.38966363,6.47,100,8.9,100,121.9,100,97.2,1.5,4.9,0.8,100,86.81046508,10.68,1556.2,0.4,7.07,0.23,12.13191489
NW11T,Corn,3.65,1.63387375,89.45458781,328.0001553,4/8/2021,4/27/2021,2,COS,COS,COS,clay loam,31.52235386,40.81926929,27.65837685,,,0.244398121,90.29306437,NA,NA,NA,NA,17.8504414,18.33668973,4.07,53.09975882,,2.652,0.249,,,8.801147576,83.32402786,0.547602937,43.06746271,883.5496384,93.8554058,6.45,100,16.9,100,206.6,100,135.3,1.9,3,0.9,100,78.19764093,6.91,1920.1,0.35,6.25,0.23,10.65060241
PM3,Pasture,3.12,1.396776182,65.36912532,239.6867928,9/13/2021,9/20/2021,,Pasture,Pasture,Pasture,silt loam,31.80808,57.66122,10.5307,,,0.283729,97.1514,NA,NA,NA,NA,69.56499,98.39233,3.439744,68.74392,,2.179,0.23,,,7.88612,66.27705,0.845522,79.34371,648.5831,78.90566,6.01,83.00962,16.4,100,121,100,151.9,6.6,3.2,1.6,100,87.18237,17.67,1182.5,0.26,7.03,0.23,9.473913043
D2,Field crops,3.63,1.39032424,75.70315487,277.5782345,4/20/2021,4/27/2021,3,GRE,GRE,GRE,loam,45.37376,40.66995,13.95629,,,0.211622,78.64569,NA,NA,NA,NA,41.85159,72.6701,3.54,72.57469,,2.57,0.212,,,8.668759,74.44737,0.689469,61.72362,681.3801,83.65638,6.86,100,5.4,100,61.4,86.66248,53.7,1.7,4.3,0.4,100,83.03803,13.6,1711.4,0.06,3.87,0.19,12.12264151
LC1,Hay,5.3,1.397342848,111.0887564,407.3254402,5/6/2021,5/18/2021,,NA,NA,NA,loam,40.03995223,49.73997709,10.22007068,,,0.247884683,91.18238667,NA,NA,NA,NA,39.09936292,67.36320194,4.44,94.52007083,,2.972,0.276,,,9.83050248,84.35709876,0.787356554,73.38575367,819.9929124,95.81572886,6.87,100,8.9,100,63.6,88.90252,197.2,2.1,5.7,2.3,100,89.55267607,9.89,2072.6,1.48,5.25,0.38,10.76811594
LC10,Hay,7.05,0.976188281,103.2319107,378.517006,5/6/2021,5/18/2021,,NA,NA,NA,loam,41.10708188,37.95064523,20.94227289,,,0.247307731,91.03957198,NA,NA,NA,NA,77.26634857,99.49202489,6.06,99.96630707,,3.828,0.352,,,11.5511037,93.7070494,0.978875716,89.66908643,881.92284,98.05123601,6.26,98.1731893,3.8,100,52.7,77.80414,198.9,3.7,6.9,1.2,100,94.79026051,22.63,2101.2,0.91,6.42,0.15,10.875
LC11,Hay,3.6,1.47686822,79.75088388,292.4199076,5/6/2021,5/18/2021,,NA,NA,NA,loam,31.23280006,49.88470642,18.88249352,,,0.251028262,91.93084222,NA,NA,NA,NA,56.08679018,91.82974878,4.79,97.66432658,,3.356,0.291,,,10.30890866,87.57939309,0.886662787,83.0348319,881.92284,98.05123601,6.89,100,8.6,100,111.6,100,256.9,3.1,4.6,2.4,100,95.00903786,23.12,1832.8,2.2,7.13,0.34,11.53264605
LC12,Hay,3.43,1.409385327,72.51287507,265.8805419,5/6/2021,5/18/2021,,NA,NA,NA,silt loam,28.22172614,53.17247055,18.60580331,,,0.288987666,97.63957945,NA,NA,NA,NA,74.60165901,99.22889991,7.67,99.99998942,,5.381,0.467,,,17.44571351,99.95448612,1.02143553,91.99574045,1018.532974,99.74675819,6.52,100,3.4,97.2,96.6,100,197.4,2.3,3.7,1,100,98.57654535,27.11,2764.4,0.59,8.32,0.22,11.52248394
LC14,Hay,3.42,1.188800328,60.98545683,223.6133417,5/6/2021,5/18/2021,,NA,NA,NA,silt loam,25.17952545,59.15309411,15.66738044,,,0.285151361,97.29106792,NA,NA,NA,NA,67.58395522,97.89455329,6.06,99.96630707,,4.009,0.369,,,13.48325354,98.28334398,1.70239255,99.98809083,978.4606681,99.51490098,6.21,96.88136063,3.5,100,67.2,92.56804,169.4,2.2,6.6,0.7,100,98.23876647,22.2,2890.9,0.23,7.94,0.19,10.86449864
LC15,Hay,7.51,1.456890831,164.1187521,601.7687577,5/6/2021,5/18/2021,,NA,NA,NA,sandy loam,65.64672663,23.73832525,10.61494812,,,0.226540579,91.6075918,NA,NA,NA,NA,67.12894563,97.76338794,4.86,99.98248861,,3.418,0.293,,,11.5798453,88.38082459,0.673863718,59.72410885,774.456201,94.76284031,6.22,97.18748174,2.4,69.2,73.1,98.57542,38.5,6,2.6,0.3,100,89.71841438,81.16,1386.3,0.12,4.99,0.04,11.66552901
LC16,Corn,3.11,1.377149246,64.24401233,235.5613785,5/6/2021,5/18/2021,,NA,NA,NA,loam,42.10032869,41.22475859,16.67491272,,,0.238855047,88.7464636,NA,NA,NA,NA,39.99180812,69.13022166,4.46,94.76221124,,3.037,0.273,,,10.75191883,90.12071015,0.822823066,77.1181522,925.6380829,98.9297015,7.09,100,17.9,100,108.4,100,226,3.3,5.2,2.3,100,91.88074604,14.15,1988.7,1.64,10.41,0.44,11.12454212
LC17,Corn,4.1,1.491312362,91.71571026,336.2909376,5/6/2021,5/18/2021,,NA,NA,NA,loam,37.45329506,46.10755159,16.43915334,,,0.248592886,91.35536187,NA,NA,NA,NA,27.79803117,42.94057985,4.07,88.27583035,,3.104,0.288,,,10.39413166,88.10078267,0.936315903,86.88673503,907.4233984,98.61775369,6.61,100,10.7,100,150.3,100,217.9,3.3,12.9,2.8,100,89.61770435,13.95,1665.3,1.72,9.45,0.35,10.77777778
LC18,Corn,5.94,1.223266734,108.993066,399.641242,5/6/2021,5/18/2021,,NA,NA,NA,loam,41.10325834,45.49932875,13.3974129,,,0.238326859,88.59038705,NA,NA,NA,NA,59.85520512,94.55400633,4.04,87.60685019,,2.738,0.254,,,9.728684212,83.60590551,0.631303904,54.15527504,641.4890037,77.78062917,6.06,88.13610741,3.6,100,95.1,100,35.3,7.8,6.3,0.6,100,87.44291607,82.99,1326.6,0.12,6.29,0.1,10.77952756
LC19,Corn,4.54,1.155704,78.7034424,288.5792888,5/6/2021,5/18/2021,,NA,NA,NA,loam,33.31681787,47.45795613,19.225226,,,0.229703319,85.82205375,NA,NA,NA,NA,75.89032896,99.36827208,4.8,97.72498681,,3.277,0.293,,,9.484560804,81.7111608,0.688050322,61.54304108,717.9906789,88.06670642,6.22,97.18748174,7.5,100,122.5,100,130.4,4.9,4.6,1.1,100,91.14237027,47.53,1489.8,0.13,6.03,0.24,11.18430034
LC4,Hay,7.05,1.131328634,119.638003,438.6726778,5/6/2021,5/18/2021,,NA,NA,NA,silt loam,25.4372005,54.39071989,20.17207962,,,0.282347293,97.01000485,NA,NA,NA,NA,84.94854965,99.86373797,6.44,99.99338728,,4.811,0.403,,,14.23478586,99.04577042,1.340634133,99.32212814,770.8132641,92.83832803,6.24,97.72498681,2.8,80.4,51.1,76.17502,84,7.9,5.7,0.6,100,94.23733635,105.78,1847.8,0.08,8.98,0.19,11.93796526
LC5,Hay,4.59,1.360045931,93.63916235,343.3435953,4/8/2021,4/14/2021,4,GRE,GRE,GRE,sandy loam,61.22931,28.43826,10.33244,,,0.22762,91.84282,NA,NA,NA,NA,62.35441,95.92381,4.9,99.98555,,3.258,0.291,,,11.26847,86.54805,0.618536,52.46336,848.2994,97.67869,6.57,100,6.8,100,150.4,100,56.7,4.7,3,0.6,100,92.44423,77.47,1900.9,0,3.82,0.16,11.19587629
LC6,Hay,3.6,1.22301758,66.04294932,242.1574808,5/6/2021,5/18/2021,,NA,NA,NA,loam,31.24366,49.24352,19.51281, , ,0.266691,94.96424,NA,NA,NA,NA,26.41061,39.93747,4.67,96.82415,,2.94,0.259,NA,NA,11.0275,91.49634,1.205861,97.82843,947.4957,99.22161,7.13,100,9.1,100,100.2,100,192.9,2.5,8.3,0.8,100,92.02722,12.47,2929.8,0.09,8.24,0.39,11.35135135
LC8,Hay,7.23,1.317945536,142.9311934,524.0810424,5/6/2021,5/18/2021,,NA,NA,NA,loam,37.14603,44.33798,18.51599, , ,0.258271,93.47149,NA,NA,NA,NA,79.99234,99.67536,6.62,99.99712,,4.852,0.423,NA,NA,17.1728,99.939,0.922129,85.85358,1054.962,99.86492,6.72,100,24.4,100,322.3,100,301.2,4.3,4.3,2.4,100,97.88015,22.42,2569.6,1.67,8.44,0.46,11.47044917
NW24C,Corn,3.87,1.381681927,80.20663586,294.0909982,4/13/2021,4/28/2021,,NA,COS,COS,loam,39.31793569,43.20571665,17.47634766,,,0.242352977,89.74167908,NA,NA,NA,NA,68.51187943,98.14196117,5.47,99.69693293,,3.608,0.303,,,13.23361192,97.93491504,0.822823066,77.1181522,811.2727278,95.3769393,6,81.83489296,5.8,100,410.7,100,160.9,5,6.6,1.1,100,93.98454727,85.89,1343.9,0.05,13.6,0.26,11.90759076
NW24T,Corn,4.01,1.518991932,91.36736471,335.0136706,4/13/2021,4/28/2021,,NA,COS,COS,loam,50.22032311,29.10166122,20.67801567,,,0.207480728,76.74493648,NA,NA,NA,NA,18.14162123,23.75040382,3.22,59.65566881,,2.217,0.217,,,5.94655386,43.34053401,0.842684312,79.07273872,694.1794789,85.30532961,6.26,98.1731893,3.1,88.8,54.8,79.94236,105.9,4.5,18.7,0.1,56,69.07851608,10.09,1537.5,0.1,11.49,0.19,10.21658986
EL2,Pasture,NA,NA,NA,NA,5/21/2021,6/1/2021,1,NA,NA,NA,silty clay loam,8.300665,55.68992,36.00942,,,0.280696,96.83345,NA,NA,NA,NA,79.36435,99.02274,9.09,100,,5.754,0.531,,,16.75556,99.98519,1.506617,99.87447,962.1137,97.35397,6.26,98.17319,2.7,77.6,238.1,100,1113.8,1.2,3.5,0.7,100,96.8843,19.01,3084.5,0.08,7.82,0.16,10.83615819
NW14C,Corn,6.7,1.190627463,119.65806,438.7462201,4/13/2021,4/28/2021,,NA,COS,COS,clay loam,26.77614079,45.09665818,28.12720103,,,0.245874635,90.6774029,NA,NA,NA,NA,58.4188073,89.11316593,6.6,99.80669717,,4.399,0.442,,,11.90080899,97.72644234,1.042715437,92.99902107,977.3004689,97.78637885,6.67,100,39.5,100,571.8,100,503.5,2.2,4.5,1.3,100,96.81091083,3.04,3183.2,2.04,11.11,0.77,9.952488688
NW14T,Corn,5.68,1.214691659,103.4917293,379.4696743,4/13/2021,4/28/2021,,NA,COS,COS,loam,42.42590443,35.60215757,21.971938,,,0.249662579,91.6118014,NA,NA,NA,NA,65.71177574,97.30992917,6.28,99.9866015,,4.182,0.438,,,12.93714536,97.4450659,1.085275251,94.71238785,881.1791451,98.03211698,5.9,67.52818581,13.5,100,527.1,100,358.3,10.2,8.2,1.5,100,94.66260886,26.67,1962.6,0.54,14.44,0.29,9.547945205
NW18C,Corn,3.7,1.51272846,83.95642953,307.8402416,4/14/2021,4/28/2021,,NA,COS,COS,loam,43.11068137,40.32934708,16.55997155,,,0.226517468,84.69277776,NA,NA,NA,NA,28.56801896,44.62624291,3.57,73.6742005,,2.457,0.19,,,7.522161842,62.16229454,0.468157951,33.01592413,566.6002673,64.05769735,5.38,2.812518264,4.7,100,104,100,98.5,18.3,6.1,0.4,100,66.50416555,126.54,651.2,0.14,24.29,0.07,12.93157895
NW18T,Corn,4.03,1.260697708,76.20917645,279.433647,4/14/2021,4/28/2021,,NA,COS,COS,silt loam,22.10510328,54.17204588,23.72285084,,,0.258096018,93.43722639,NA,NA,NA,NA,25.16438677,37.28930328,3.52,71.82929199,,2.346,0.219,,,5.338450518,36.24248716,0.617117299,52.275037,800.7867652,94.80118122,6.59,100,4.4,100,51.5,76.5823,215.6,3.7,5.2,0.1,56,71.8456827,12.33,1912.9,0.11,10.58,0.15,10.71232877
NW15C,Corn,6.17,1.36088333,125.9497522,461.815758,4/20/2021,4/28/2021,,NA,COS,COS,loam,39.30617423,40.11433856,20.57948722,,,0.233782946,87.18379491,NA,NA,NA,NA,39.22997945,67.62439262,4.86,98.06172129,,3.447,0.317,,,11.65582679,94.08997815,0.785937894,73.23029545,874.1885034,97.84448903,5.95,75.2323037,9.8,100,128.5,100,196.7,2.5,9.7,2,100,89.32669752,10.82,1817.2,0.55,9.68,0.29,10.87381703
NW15T,Corn,5.15,1.562409341,120.6961216,442.5524458,4/20/2021,4/28/2021,,NA,COS,COS,loam,43.0162684,41.04103158,15.94270002,,,0.25931542,93.67349842,NA,NA,NA,NA,65.66619824,97.29415632,6.24,99.98408914,,4.451,0.427,,,16.20154981,99.83582161,1.08385659,94.66120258,1038.468584,99.81965591,6.19,96.18630452,10.3,100,131.3,100,234.3,3.5,8.2,1.6,100,98.14547285,24.21,2353.4,0.53,10.81,0.43,10.42388759
NW16C,Corn,5.62,1.339570641,112.925805,414.0612851,4/9/2021,4/28/2021,,NA,COS,COS,silt loam,26.1754671,58.436547,15.3879859,,,0.276861925,96.39016514,NA,NA,NA,NA,43.99487083,76.48334767,5.19,99.25197394,,3.49,0.334,,,8.793618646,75.64836148,1.234234599,98.27472909,888.1697868,98.20569243,7.02,100,14.1,100,157.8,100,270.9,1.1,8.2,1.1,100,94.42542698,6.72,3941.6,0.23,16.91,0.77,10.4491018
NW16T,Corn,4.38,1.308746736,85.98466056,315.2770887,4/9/2021,4/28/2021,,NA,COS,COS,loam,34.36190969,44.58954448,21.04854583,,,0.216691762,80.84451674,NA,NA,NA,NA,43.197176,75.09939509,4.55,95.74853646,,2.899,0.276,,,6.659144995,51.92318382,0.86538288,81.18163861,799.0391048,94.69990518,6.85,100,11.8,100,177.3,100,273.2,0.9,5.8,0.7,100,87.94971759,6.52,2403.5,0.27,9.54,0.47,10.50362319
NW04C,Corn,3.81,1.342398695,76.71808542,281.2996465,4/7/2021,4/27/2021,2,COS,COS,COS,loam,40.95754936,40.07988759,18.96256305,,,0.250752314,91.86712719,NA,NA,NA,NA,44.91298235,78.02220797,5.37,99.57724339,,3.756,0.331,,,12.5746557,96.71749122,0.824241726,77.26107779,1078.625484,99.91191164,6.78,100,8.7,100,204.2,100,288.7,3.7,3.2,1.9,100,94.33570592,35.84,1779.8,0.43,9.5,0.33,11.34743202
NW04H,Hay,4.52,1.233856102,83.65544372,306.736627,4/7/2021,4/27/2021,2,GRE,GRE,GRE,sandy clay loam,55.32757126,15.63926014,29.0331686,,,0.235630388,87.76956589,NA,NA,NA,NA,74.06901899,99.16380755,6.17,99.97860274,,4.105,0.328,,,13.58258108,98.40729502,1.122160423,95.91174174,963.3533934,99.38707269,6.22,97.18748174,4.4,100,88.6,100,229.7,10.2,2.4,1.6,100,97.78055674,169.62,1327.1,0.39,10.3,0.15,12.5152439
NW04T,Corn,3.61,1.263469616,68.41687971,250.8618923,4/7/2021,4/27/2021,2,COS,COS,COS,sandy loam,68.24547756,22.62645125,9.128071188,,,0.176310411,74.58789206,NA,NA,NA,NA,37.242261,63.56263106,3.34,95.30328842,,2.269,0.204,,,8.699988055,64.48395551,0.4341101,29.01432322,654.7788738,84.7057415,5.98,79.33733123,4.5,100,86.5,100,81,3.1,3.2,0.9,100,79.0995163,61.94,901,0.16,6.61,0.12,11.12254902
MC01,Pasture,3.759939727,1.319653,74.42723611,272.8998657,9/28/2021,10/4/2021,1,NA,NA,PIT,sandy loam,66.52083,21.32172,12.15745,,,0.184312,78.10922,NA,NA,NA,NA,67.34036,97.82516,4.028462,99.43869,,2.739,0.279,,,10.38176,80.28739,1.137766,96.34777,676.7344,87.15339,6.36,100,1.7,49.6,64.2,89.51344,126.6,1.4,3.7,0.3,100,87.82751,8.97,2011,0.04,4.03,0.27,9.817204301
MC02,Hay,3.473002101,1.405026,73.19487376,268.3812038,8/18/2021,9/10/2021,2,NA,NA,GRT,loam,36.14292,43.15246,20.70462,,,0.206605,76.33137,NA,NA,NA,NA,43.4821,75.59865,3.27,61.79114,1.939363,1.993,0.218,,,6.284957,47.40215,0.706493,63.86963,635.8301,76.85916,7.15,100,14.6,100,69.9,95.31718,146,0.7,4.4,0.6,100,79.71693,5.86,2790.8,0.06,3.94,0.48,9.142201835
MC03,Field crops,4.510290995,1.336479,90.41863798,331.5350059,8/24/2021,9/10/2021,2,NA,NA,WHT,loam,27.48177,48.03784,24.48039,,,0.244149,90.22712,NA,NA,NA,NA,26.28032,39.6582,4.63,96.49382,2.516161,2.517,0.258,,,8.037123,67.93189,0.841266,78.93647,827.1262,96.14904,6.84,100,5.2,100,81.6,100,189.5,1.8,6.5,0.4,100,86.93965,9.72,2743.7,0.04,5.7,0.28,9.755813953
MC04,Hay,5.095124159,1.303235,99.60216201,365.2079274,8/27/2021,9/10/2021,2,NA,NA,CGT,silty clay,13.19932,45.71289,41.0878,,,0.22874,85.48669,NA,NA,NA,NA,62.31391,92.47225,5.23,91.41351,3.129,3.129,0.295,,,8.285848,78.67755,1.011505,91.49189,776.1139,84.26886,6.94,100,5.4,100,118.9,100,516.7,1.3,3.7,0.5,100,92.38108,10.04,3416.6,0.05,4.33,0.26,10.60677966
MC05,Hay,4.153928512,1.457236,90.79881254,332.9289793,9/22/2021,9/28/2021,1,NA,NA,GRT,loam,41.21457,38.13995,20.64547,,,0.215291,80.25149,NA,NA,NA,NA,70.7232,98.63375,3.897632,84.07074,,2.533,0.256,,,8.40075,71.76872,0.470995,33.35921,644.3664,78.24102,6.04,86.23436,2.3,66.4,74.4,99.89908,159,4.3,1.4,0.3,100,79.88584,23.36,1384.8,0.04,3.55,0.13,9.89453125
MC06,Hay,4.314296808,NA,NA,NA,9/22/2021,9/28/2021,1,NA,NA,GRT,loam,37.15277,39.4931,23.35413,,,0.232971,86.92044,NA,NA,NA,NA,82.64727,99.7943,4.963391,98.54284,3.429714,3.498,0.331,,,9.614279,82.73438,1.648483,99.97629,846.7254,96.9548,6.94,100,7.1,100,140.5,100,154.8,1.9,3.5,0.5,100,96.49231,6.1,2559.3,0.06,6.09,0.26,10.56797583
MC07,Hay,6.293536906,1.335645,126.0889665,462.3262105,9/22/2021,9/28/2021,1,NA,NA,GRT,silty clay loam,19.17618,42.59689,38.22693,,,0.259729,93.75208,NA,NA,NA,NA,73.27937,97.80321,6.655016,99.84112,,3.947,0.393,,,11.31389,96.44338,1.229979,98.21324,758.1934,82.01578,6.14,93.88818,3.5,100,257.2,100,451.6,7.2,3.7,1.1,100,96.1957,32.5,2858.8,0.07,4.86,0.14,10.043257
MC08,Pasture,6.711344157,1.202359,121.0416757,443.8194777,8/27/2021,9/10/2021,1,NA,NA,PLT,clay loam,20.94077,51.37966,27.67957,,,0.258717,93.55838,NA,NA,NA,NA,85.17699,99.58656,7.55,99.996,4.866853,4.92,0.489,,,14.5835,99.81012,1.784675,99.99607,859.9198,92.28634,6.87,100,4.3,100,165.9,100,350.9,1.9,5.8,0.4,100,98.52335,6,4161.2,0.06,6.98,0.41,10.06134969
MC09,Hay,3.491941106,1.576117,82.5556161,302.7039257,9/28/2021,10/4/2021,1,NA,NA,GRT,clay loam,34.78655,37.92903,27.28442,,,0.221515,82.80241,NA,NA,NA,NA,27.0732,33.8266,3.379113,24.51365,1.992613,2.022,0.204,,,6.628591,59.59444,0.93206,86.58242,602.4168,55.45179,6.62,100,2.8,80.4,94.5,100,209.8,1.3,2.1,0.3,100,72.31713,11.18,1996.6,0.05,2.28,0.2,9.911764706
MC10,Hay,3.44249479,1.368594,70.67066572,259.1257743,6/17/2021,,,NA,NA,NA,loam,37.00,40.00,21.00,,,0.20,72.00,NA,NA,NA,NA,48.60,83.00,3.00,48.00,,,,,,5.30,35.00,0.70,59.00,420.00,33.00,6.10,89.00,1.30,38.00,61.90,87.00,170.80,8.50,3.40,0.30,100.00,64.00,NA,NA,NA,NA,NA,#DIV/0!
AW13,Pasture,3.96,1.416069864,84.11454992,308.4200164,7/1/2021,7/21/2021,3,ALE,ALE,ALE,clay,25.94562,31.50539,42.54899,,,0.244413,90.29697,NA,NA,NA,NA,19.78414,21.16136,3.753503,39.20862,1.822916,1.897,0.186,,,6.610734,59.36372,0.456809,31.65727,457.189,27.79122,6.68,100,1.1,33.4629,151.8,100,814.4,4.5,4.9,0.3,100,60.29421,49.51,2320.6,0.21,8.92,0.1,10.19892473
AW12,Pasture,5.58,1.27319977,106.5668207,390.7450094,7/1/2021,7/21/2021,1,ALE,ALE,ALE,clay,10.65695,35.64824,53.69481,,,0.24768,91.13192,NA,NA,NA,NA,47.39898,74.29858,6.438096,99.66256,3.696027,3.702,0.361,,,10.31405,92.94018,0.832754,78.10799,803.4402,87.33148,6.9,100,3.2,91.6,221.4,100,742.8,1.4,4.9,0.5,100,91.50727,16.48,3688.2,0.12,8.64,0.26,10.25484765
VE3,Corn,2.68,1.325053637,53.26715621,195.3129061,5/19/2021,5/25/2021,1,SOY,SOY,Corn,silt loam,31.54485853,56.20061002,12.25453145,,,0.256437241,93.10490822,120,69.72659473,207.5,79.98005674,41.19827632,71.44971271,2.46,27.42531178,,1.658,0.147,,,5.512305638,38.2355073,0.503624463,37.40097935,436.3308419,36.53638792,6.13,93.31927987,3.8,100,58.7,83.91334,26.4,4.1,3.3,0.3,56,65.59100655,39.35,909.8,0.11,6.39,0.08,11.27891156
VE5,Corn,4.26,1.179766114,75.38705468,276.4192005,5/19/2021,5/25/2021,2,COS,COS,COS,loam,40.54360449,38.58181718,20.87457833,,,0.22965357,85.80486455,47.5,91.42957391,136.25,93.17084247,50.22577119,85.72619361,4.38,93.74031272,,3.329,0.24,,,9.241055122,79.69066147,0.900849391,84.20288688,788.8490286,94.07789441,6.94,100,43.6,100,383.2,100,219.4,5.7,5.8,2.6,100,92.32026917,16.14,2110,2.19,16.68,0.41,13.87083333
VE6,Corn,1.57,1.416069864,33.3484453,122.2776328,5/20/2021,5/25/2021,2,COS,COS,COS,sandy loam,58.07483953,32.10348272,9.821677747,,,0.175353635,74.14781196,120,69.72659473,275,58.98941606,22.62463563,32.08590261,1.76,38.20885778,,1.28,0.114,,,5.055836572,25.15050859,0.617117299,52.275037,504.6762046,60.77198306,7.21,100,45.6,100,190.9,100,131.1,2.2,3.9,2.6,100,67.61300932,3.63,1125.6,2.36,6.31,0.42,11.22807018
VE4,Pasture,3.36,1.330553289,67.05988577,245.8862478,5/19/2021,5/25/2021,1,PNT,PNT,PNT,loam,36.13556433,46.40797274,17.45646293,,,0.228074313,85.25187196,191.875,37.17400913,223.75,75.59022716,73.48032676,99.08629796,3.43,68.35958103,,2.409,0.211,,,7.330046271,59.92974949,0.659677113,57.88387891,486.6905828,47.13237162,5.64,23.35294509,7.1,100,72.4,97.86268,27.4,20.9,3.1,0.6,56,67.3019677,97.22,757.4,0.17,9.77,0.05,11.41706161
NW09C,Corn,4.67,1.30287372,91.26630409,334.643115,4/27/2021,5/13/2021,,NA,NA,COS,sandy loam,61.65021,20.64735,17.70244,,,0.194596,82.19436,NA,NA,NA,NA,60.4479,94.90796,3.97,99.31014,,3.097,0.245,,,10.76848,83.20814,0.591581,48.88064,669.8148,86.41321,6.26,98.17319,3.5,100,35.7,50.90819,66.9,8,2.7,0.6,100,84.39958,102.88,947.9,0.08,8.7,0.1,12.64081633
NW09H,Hay,3.54,1.244371922,66.07614906,242.2792132,4/27/2021,5/13/2021,,NA,NA,GRE,silt loam,9.140466,65.66511,25.19442,,,0.28672,97.43844,NA,NA,NA,NA,79.34131,99.63803,4.67,96.82415,,3.106,0.277,,,8.889324,76.54787,1.456964,99.78586,678.8948,83.32277,7.06,100,6.8,100,145.1,100,170.3,4.3,5.6,1,100,95.35571,31.71,1756,0.44,10.02,0.21,11.21299639
NW09T,Corn,6.03,1.160184933,104.9387272,384.775333,4/27/2021,5/13/2021,,NA,NA,COS,loam,39.83676,40.94539,19.21786,,,0.231305,86.3678,NA,NA,NA,NA,77.87854,99.53977,5.65,99.83823,,3.827,0.284,,,12.88146,97.34297,0.712168,64.57576,764.2465,92.34058,6.16,94.91182,4,100,64.8,90.12436,88.8,16.9,3.5,0.5,100,92.50413,152.94,1242.1,0.17,10.53,0.11,13.47535211
RM7,Veg,2.07,1.489741033,46.25833561,169.6138972,5/11/2021,5/25/2021,4,MIX,MIX,MIX,sandy loam,68.99044,19.9386,11.07096,,,0.154993,63.94702,NA,NA,NA,NA,21.84872,30.55849,2.12,55.96177,,1.379,0.124,,,5.333001,27.74039,0.482345,34.74608,405.7553,41.24592,6.85,100,21.9,100,100.4,100,120.8,2.4,2.5,1,100,65.41997,12.39,863.2,0.52,3.59,0.23,11.12096774
RM8,Veg,1.45,1.489801469,31.10211109,114.041074,5/11/2021,5/25/2021,4,MIX,MIX,MIX,loamy sand,83.12198,10.03196,6.84606,,,0.10332,35.15484,NA,NA,NA,NA,25.73813,38.50187,1.31,19.42062,,0.941,0.074,,,3.921793,16.01666,0.482345,34.74608,249.2804,15.77862,7.4,96.54818,23.4,100,182.2,100,75.4,2.5,2.9,1,100,55.61669,9.57,906.4,0.35,2.77,0.24,12.71621622
NW27C,Corn,4.62,1.429982119,99.09776085,363.3584564,4/8/2021,4/27/2021,2,COS,COS,COS,clay loam,27.69253855,41.97837192,30.32908953,,,0.220636988,82.45581922,NA,NA,NA,NA,33.55676225,46.9725508,3.79,40.77512883,,2.415,0.23,,,7.183844491,66.56555698,0.703655587,63.51477445,789.5585491,85.83179418,7.17,100,3.5,100,100.4,100,305.3,1.6,3.4,0.3,100,78.61156245,4.63,2715.3,0.08,6.58,0.33,10.5
NW27T,Corn,3.72,1.469514671,81.99891864,300.6627017,4/8/2021,4/27/2021,2,COS,COS,COS,loam,39.46369476,34.49419246,26.04211278,,,0.223421623,83.5397707,NA,NA,NA,NA,16.9539643,21.7596765,3.88,83.59078779,,2.296,0.226,,,7.415710987,60.92973589,0.583069448,47.74975692,754.0902135,91.51954012,7.03,100,7.4,100,60.7,85.94974,158,2.7,4.1,0.3,100,77.50390079,5.2,2484.4,0.05,6.66,0.22,10.15929204
NW05C,Corn,3.24,1.281568944,62.28425068,228.3755858,4/14/2021,4/27/2021,3,COS,COS,COS,silt loam,25.13056,58.10534,16.7641,,,0.255557,92.9233,NA,NA,NA,NA,42.73349,74.27544,3.59,74.39449,,2.297,0.202,,,8.379725,71.55301,0.685213,61.18114,635.2713,76.76703,6.25,97.9595,8.3,100,104.4,100,145.2,5.2,8.1,1.2,100,84.90539,43.05,1174.2,0.55,14.48,0.15,11.37128713
NW05T,Corn,2.75,1.260639946,52.00139777,190.6717918,4/14/2021,4/27/2021,3,COS,COS,COS,silt loam,19.1415,62.20989,18.64861,,,0.274183,96.05121,NA,NA,NA,NA,35.26948,59.37466,3.57,73.6742,,2.301,0.209,,,8.155626,69.20624,0.600093,50.01242,711.5282,87.35628,6.59,100,6.4,100,49.5,74.5459,128.8,5,4.8,0.6,100,81.02209,46.31,1560.4,0.29,8.74,0.13,11.00956938
NW26C,Corn,5.82,1.484879214,129.6299554,475.3098364,4/26/2021,5/13/2021,,NA,NA,COS,silty clay loam,17.62059,46.30012,36.0793,,,0.256397,93.09669,NA,NA,NA,NA,37.72405,55.70015,6.25,99.37903,,4.101,0.001,,,8.308263,78.89416,0.988806,90.25159,1074.781,99.37711,7.03,100,10.6,100,280.7,100,407.1,2,5.7,1.2,100,91.66987,4.16,3539.5,0.33,20.65,0.54,4101
NW26T,Corn,6.48,1.410631101,137.113343,502.7489244,4/26/2021,5/13/2021,,NA,NA,COS,clay loam,29.22608,39.5107,31.26321,,,0.230266,86.01554,NA,NA,NA,NA,47.32291,74.16931,5.3,92.5693,,3.412,0.313,,,8.532934,80.99317,0.91078,84.98834,864.1261,92.58595,6.76,100,16,100,439.2,100,337.4,2,5.1,1.5,100,91.13216,10.87,2318.7,0.47,9.68,0.39,10.90095847
NW13C,Corn,3.61,1.399026985,75.75731124,277.7768079,4/8/2021,4/27/2021,2,COS,COS,COS,loam,40.08397589,36.49982476,23.41619936,,,0.22746408,85.03437714,NA,NA,NA,NA,17.18360842,22.13691734,4.2,90.87887803,,2.532,0.214,,,7.208805426,58.50342892,0.717842192,65.27690962,816.1598008,95.62719223,7.64,76.64705491,10.6,100,156.8,100,126.8,1.7,4.3,0.2,56,75.01047582,6.89,4790.4,0.25,14.9,0.34,11.8317757
NW13T,Corn,3.86,1.593025952,92.23620262,338.1994096,4/8/2021,4/27/2021,2,COS,COS,COS,clay loam,29.45351981,36.46271186,34.08376833,,,0.249628849,91.60380349,NA,NA,NA,NA,24.16042376,28.41679507,4.18,57.92597094,,2.885,0.252,,,9.272500601,86.95288787,0.568882844,45.86942481,910.1508901,95.31068502,7.6,81.83489296,36.3,100,374.6,100,153.9,2.9,4.1,0.5,100,78.79144602,3.33,4136,0.28,7.13,0.55,11.4484127
NW17C,Corn,5.88,1.266499855,111.7052872,409.5860531,4/14/2021,4/28/2021,,NA,COS,COS,loam,32.52140978,47.97275832,19.50583191,,,0.238686224,88.69674397,NA,NA,NA,NA,56.30207726,92.00890728,4.92,98.35513042,,3.204,0.29,,,8.815571478,75.85632228,1.098043195,95.15572547,641.7496659,77.82256323,6.22,97.18748174,4.3,100,187.6,100,134.3,5.5,10.6,0.8,100,92.50828744,66.48,1799.6,0.14,12.88,0.19,11.04827586
NW17T,Corn,5.36,1.22026,98.108904,359.732648,4/8/2021,4/14/2021,4,COS,COS,COS,loam,35.62003,45.05532,19.32464,,,0.24605,90.72226,NA,NA,NA,NA,68.05692,98.02394,5.78,99.89955,,3.789,0.342,,,11.34043,92.87844,0.774589,71.97039,862.5559,97.49882,6.53,100,10.2,100,91.9,100,122.5,5.1,4,1.3,100,95.09934,67.4,1998.5,0,5.83,0.3,11.07894737
AW6,Pasture,4.66,1.16263908,81.26847169,297.9843962,5/20/2021,5/26/2021,1,GRE,GRE,GRE,loam,48.32497,37.32536,14.34967,,,0.248441,91.31856,NA,NA,NA,NA,92.12982,99.96582,6.18,99.97948,,4.035,0.336,,,11.9949,95.20558,1.63146,99.97072,884.1728,98.10812,6.94,100,4,100,238.4,100,144,6.9,3.6,0.8,100,98.45483,3.49,4139.9,0,17.37,0.45,12.00892857
AW7,Pasture,5.97,1.332499275,119.3253101,437.5261369,5/20/2021,5/26/2021,1,GRE,GRE,GRE,sandy loam,55.1644,30.90981,13.92578,,,0.24159,94.45476,NA,NA,NA,NA,85.18282,99.86944,6.67,100,,4.399,0.318,,,15.23632,98.74204,1.085275,94.71239,774.4605,94.76307,5.75,41.01058,4.1,100,122.1,100,109.6,16.6,4.9,1.2,100,92.35523,3.29,4290.6,0.02,7.42,1.96,13.83333333
PM2,Hay,4.67,1.828854801,128.1112788,469.7413556,9/13/2021,9/20/2021,3,Sorghum,Hemp,Hay,sandy loam,64.7667,26.23919,8.994115,,,0.198356,83.55938,NA,NA,NA,NA,44.16148,76.76694,3.471571,96.70765,2.644853,2.792,0.233,,,9.55208,73.0683,0.781682,72.76119,746.964,93.12042,7.38,97.18748,30.8,100,135.3,100,139.3,4.1,7.9,1.4,100,89.31714,12.72,2677.4,0.23,5.31,0.29,11.98283262
PM1,Hay,2.3,1.817069191,62.68888709,229.8592527,9/13/2021,9/20/2021,3,Sorghum,Hemp,Hay,sandy loam,65.43417,26.75209,7.813733,,,0.170423,71.81905,NA,NA,NA,NA,42.19144,73.29457,3.132241,92.151,1.972745,2.019,0.17,,,7.028641,45.77505,0.51923,39.38747,595.749,76.69211,7.23,100,14.4,100,94.5,100,97,2,4,0.5,100,79.91193,15.12,1802.2,0.11,3.69,0.14,11.87647059
D4,Hay,5.77,1.238267912,107.1720878,392.9643219,5/4/2021,5/13/2021,1,GRE,GRE,GRE,sandy clay loam,52.08724,27.21742,20.69534,,,0.237104,88.22318,NA,NA,NA,NA,68.88933,98.23527,6.09,99.97019,,5.019,0.432,,,14.84989,99.43012,1.622948,99.9675,867.7581,97.65876,6.61,100,5.4,100,101.6,100,109.3,5.4,6.2,1.3,100,98.3485,69.42,1591.5,0.07,8.63,0.19,11.61805556
D6,Veg,4.87,1.150756958,84.06279578,308.2302512,5/4/2021,5/13/2021,3,MIX,MIX,MIX,sandy loam,60.95347,22.98484,16.06169,,,0.236984,93.67859,NA,NA,NA,NA,51.64811,87.43334,5.43,99.9991,,4.268,0.342,,,13.83142,96.69356,0.651165,56.77114,911.3419,98.94645,6.29,98.70355,8.4,100,110.7,100,89,4.6,2.2,1.4,100,93.22257,81.62,1392.2,0.04,26.5,0.27,12.47953216
D5,Veg,4.03,1.229806908,74.34182759,272.5867012,5/4/2021,5/13/2021,3,MIX,MIX,MIX,loam,35.56425,45.13081,19.30495,,,0.252661,92.30023,NA,NA,NA,NA,53.69144,89.62799,5.48,99.70704,,4.409,0.37,,,12.61753,96.8116,1.076763,94.39936,871.39,97.76525,6.89,100,8.9,100,169.6,100,142.9,4.9,5.6,1.4,100,97.06115,62.21,2197.7,0.08,13.2,0.34,11.91621622
NW28C,Corn,4.74,1.568030171,111.4869452,408.7854656,4/14/2021,4/28/2021,,NA,COS,COS,silt loam,11.42653107,62.95650024,25.61696868,,,0.286163935,97.3869868,NA,NA,NA,NA,21.26957051,29.43987544,4.04,87.60685019,,2.54,0.236,,,6.421228758,49.04781227,0.672445057,59.54098078,704.6654414,86.57015856,6.45,100,5.9,100,257.8,100,304.4,1.2,7.6,0.9,100,80.9592664,17.24,1635.8,0.37,11.25,0.29,10.76271186
NW28T,Corn,4.03,1.426421526,86.22718125,316.1663312,4/14/2021,4/28/2021,,NA,COS,COS,silt loam,10.33121305,66.20706957,23.46171737,,,0.294938061,98.10516447,NA,NA,NA,NA,18.83485568,24.95706888,3.72,78.81446014,,2.345,0.218,,,6.010162723,44.09995275,0.736284778,67.51872785,723.8897062,88.69017268,6.46,100,11.2,100,175.2,100,238.1,2.3,7.1,0.8,100,80.21855468,15.17,1588.3,0.39,9.48,0.17,10.75688073
NW29C,Corn,4.86,1.328493087,96.84714604,355.1062022,4/27/2021,5/13/2021,,NA,NA,COS,silt loam,25.70204,53.45439,20.84357,,,0.241083,89.38798,NA,NA,NA,NA,57.83315,93.19838,4.45,94.64222,,3.127,0.227,,,11.00325,91.38141,0.584488,47.93814,711.5827,87.36239,6.81,100,2.7,77.6,95.3,100,117.4,5.2,2.7,0.9,100,88.15105,81.12,1507.2,0.35,11.01,0.19,13.7753304
NW29T,Corn,5.55,1.386380039,115.4161382,423.1925069,4/27/2021,5/13/2021,,NA,NA,COS,silt loam,19.75171,57.05235,23.19593,,,0.274407,96.08056,NA,NA,NA,NA,49.56378,84.88049,5.6,99.8067,,4.079,0.345,,,14.2472,99.05535,0.839847,78.79968,887.734,98.19527,7.1,100,24.3,100,81.7,100,199.2,3.4,7,1.2,100,95.6818,14.83,2531.4,0.23,11.4,0.34,11.82318841
NW25C,Corn,3.4,1.27475871,65.01269421,238.3798788,4/13/2021,4/28/2021,,NA,COS,COS,loam,38.71588884,43.3179662,17.96614496,,,0.229940964,85.90396865,NA,NA,NA,NA,61.29066018,95.3794492,4.75,97.40790606,,2.83,0.265,,,8.005284803,67.58578304,0.858289577,80.5371411,641.7496659,77.82256323,5.55,12.7902204,2.9,83.2,71.5,96.9463,145.6,9.3,7.1,0.4,100,79.75733317,70.09,1523.9,0.23,8.32,0.11,10.67924528
NW25T,Corn,5.13,1.185644368,91.23533412,334.5295584,4/20/2021,4/28/2021,,NA,COS,COS,sandy loam,56.57565683,27.05476923,16.36957395,,,0.178343869,75.50999174,NA,NA,NA,NA,40.85343672,70.79525388,3,89.43502263,,2.019,0.185,,,7.848271555,55.09562136,0.794449857,74.15612662,666.2169119,86.01702495,6.43,100,2.6,74.8,39,57.0683,77.8,2.3,6,0.1,56,73.88773412,38.46,1475.3,0.08,5.39,0.2,10.91351351
D3,Hay,2.25,0.9284743,31.33600763,114.8986946,4/6/2021,4/27/2021,2,COS,COS,COS,sandy loam,72.56659,15.75033,11.68308,,,0.160463,66.82853,NA,NA,NA,NA,29.41119,46.48322,2.08,53.98278,,1.474,0.133,,,6.102303,35.54042,0.618536,52.46336,569.6549,72.51716,7.18,100,10,100,76.6,100,96.4,0.6,2.8,0.3,100,72.78155,4.8,1872.9,0.04,3.99,0.28,11.08270677
VE7,Pasture,4.03,1.210950956,73.20198529,268.4072794,5/7/2021,5/18/2021,1,GIT,GIT,GIT,sandy loam,61.20948981,27.18788863,11.60262156,,,0.219973084,90.06614653,288.75,7.152245736,343.75,34.54156158,84.94198296,99.86357481,4.53,99.92178963,,3.014,0.224,,,11.61919586,88.59918469,0.922129298,85.85358389,637.8460668,82.6193751,6.15,94.41849818,1.1,33.4629,114.6,100,37.4,10.1,6.9,0.3,100,76.37490501,90.6,1056.7,0.04,5.8,0.06,13.45535714
VE8,Hay,5.33,1.126401354,90.05578825,330.2045569,5/7/2021,5/18/2021,1,GIT,GIT,GIT,loam,46.75725159,39.14904162,14.09370679,,,0.233881066,87.21538772,212.5,28.45483005,293.75,52.26549848,86.38588672,99.89545014,5.48,99.70703723,,3.769,0.306,,,11.46148982,93.36425719,1.11364846,95.65665479,767.1703272,92.56535659,6.26,98.1731893,1.9,55.2,77.4,100,46.6,5.4,4.6,0.4,100,83.54147179,66.21,1900.2,0.04,5.87,0.21,12.31699346
RM6,Veg,5.6,1.161907352,97.60021757,357.8674644,5/11/2021,5/25/2021,4,MIX,MIX,MIX,silty clay,12.28056,44.34238,43.37706,,,0.251761,92.09824,NA,NA,NA,NA,39.29305,58.93799,5.42,94.26917,,3.328,0.317,,,10.37501,93.2107,1.127835,96.07495,970.5038,97.60085,7.26,100,21.9,100,470.1,100,600.8,1.3,6.4,0.7,100,93.21919,3.41,1314.2,0.41,4.59,0.42,10.49842271
NW20C,Corn,4.67,1.256487367,88.01694006,322.7287802,4/9/2021,4/27/2021,2,COS,COS,COS,loam,43.01686684,36.35949459,20.62363858,,,0.231555138,86.45186513,NA,NA,NA,NA,40.73856183,70.57569654,4.99,98.64859281,,3.492,0.347,,,11.23716073,92.44281288,0.668189076,58.99035659,945.6192257,99.1996427,6.67,100,15.1,100,242,100,192.8,1.7,8.2,1,100,90.63089667,4.49,2332.1,0.13,13.86,0.51,10.06340058
NW20T,Corn,4.77,1.44343648,103.2778801,378.6855605,4/9/2021,4/27/2021,2,COS,COS,COS,loam,28.4599864,45.01324379,26.52676981,,,0.248593915,91.35561138,NA,NA,NA,NA,26.35927531,39.82736712,4.27,92.08940729,,2.624,0.254,,,8.312067062,70.85354408,0.561789542,44.9324494,821.4800511,95.88708005,6.94,100,5.9,100,121.1,100,205.5,1,4.5,0.5,100,83.49454593,7.28,2531.8,0.17,8.94,0.37,10.33070866
NW21C,Corn,3.54,1.476102408,78.38103786,287.3971388,4/14/2021,4/28/2021,,NA,COS,COS,loam,37.99910014,48.2296271,13.77127275,,,0.229831609,85.86631473,NA,NA,NA,NA,43.80838342,76.16365788,4.25,91.75667301,,2.968,0.26,,,7.116945464,57.41513252,0.658258453,57.69883394,750.1046127,91.17990378,6.96,100,1,30.8288,227.03,100,106.23,1.92,3.99,1.11,100,79.09093159,9.95,2446.26,1.06,10.29,0.53,11.41538462
NW21T,Corn,5.65,1.458152016,123.5783834,453.120739,4/14/2021,4/28/2021,,NA,COS,COS,loam,39.51919357,41.80481858,18.67598785,,,0.214448127,79.88901369,NA,NA,NA,NA,61.31320067,95.39156109,4.96,98.52887074,,3.319,0.292,,,7.774158667,65.02919117,0.537672314,41.77085915,783.3101609,93.71654929,6.32,100,16.8,100,227.8,100,113.3,2.2,4.3,0.9,100,87.43260451,24.2,1978.6,0.78,9.65,0.33,11.36643836
NW03C,Corn,3.38,1.472338425,74.64755815,273.7077132,4/8/2021,4/27/2021,2,COS,COS,COS,sandy loam,66.68657164,18.65207565,14.66135271,,,0.198038593,83.44697269,NA,NA,NA,NA,36.6096556,62.23457972,3.46,96.59994853,,2.271,0.212,,,8.794527753,65.48457718,0.646909169,56.21269034,746.9965464,93.12258008,6.45,100,31.3,100,334.4,100,230.8,2,4,3.6,100,85.71013485,10.19,1372.4,2.95,11.78,0.38,10.71226415
NW03T,Corn,3.78,1.370215401,77.69121324,284.8677819,4/6/2021,4/27/2021,2,COS,COS,COS,sandy loam,72.02931064,15.63651367,12.33417569,,,0.188580887,79.86671263,NA,NA,NA,NA,37.58928032,64.28439998,2.85,85.5995621,,2,0.189,,,7.427425454,50.31260175,0.505043123,37.58028146,642.3649564,83.19311864,6.63,100,27.7,100,258.9,100,154.9,2.7,3.5,3.1,100,80.08366766,7.33,1128.5,3.64,6.26,0.37,10.58201058
V101,Corn,3.692,2.166899,120.0028666,440.0105109,4/26/2021,5/13/2021,,COS,COS,COS,loam,30.13207,47.09046,22.77747,,,0.229701,85.82142,94,79.44015,182,85.83033,50.62575,86.22138,3.67,77.16962,,2.241,0.221,,,7.633458,63.43784,0.617117,52.27504,611.7031,72.70118,6.18,95.79407,6,100,143.6,100,66.3,7.9,4.3,0.7,100,83.22425,27.66,1449.7,0.1,4.27,0.14,10.14027149
V102,Corn,3.692,1.805874,100.0093021,366.7007744,4/26/2021,5/13/2021,,COS,COS,COS,loam,30.09476,46.70127,23.20397,,,0.227459,85.03266,110,73.69438,187,84.7854,48.80615,83.87248,3.49,70.69322,,2.33,0.232,,,7.65505,63.68363,0.510718,38.30014,588.0952,68.30305,5.88,64.19352,7.6,100,135,100,58.8,8.8,4.8,0.7,100,77.71321,34.61,1352.9,0.12,4.75,0.11,10.04310345
V103,Corn,3.51,1.513615,79.69182975,292.2033758,4/26/2021,5/13/2021,,COS,COS,COS,loam,33.42813,45.70934,20.86253,,,0.229794,85.85351,80,83.79695,183,85.62533,23.25047,33.34052,3.15,56.61838,,1.922,0.196,,,6.615211,51.39252,0.446878,30.48833,606.2551,71.71351,6.25,97.9595,6.7,100,96.2,100,58.4,4.1,4.1,0.4,100,74.73238,21.26,1650.6,0.1,4.14,0.14,9.806122449
V104,Corn,4.238,1.272433,80.88856581,296.591408,4/26/2021,5/13/2021,,AGE,AGE,COS,loam,29.55496,44.69642,25.74862,,,0.234168,87.30735,108,74.45482,173,87.58617,65.56672,97.25946,3.92,84.66621,,2.539,0.252,,,8.532106,73.09833,0.829916,77.82772,684.3428,84.04836,5.92,70.72795,9.2,100,161.6,100,138.4,4.9,5.4,0.8,100,86.4147,30.55,1537.3,0.1,5.77,0.13,10.07539683
V105,Corn,3.601,2.14896,116.0760744,425.6122728,4/26/2021,5/13/2021,,COS,COS,COS,loam,35.81043,45.90709,18.28248,,,0.228078,85.25325,95,79.10441,208,79.85248,26.55712,40.25212,3.19,58.35997,,2.033,0.212,,,7.049928,56.61752,0.517811,39.20565,582.6472,67.24691,5.84,57.21373,7.6,100,129.9,100,65.1,5.2,7.2,0.6,100,71.9255,33.31,1441.6,0.14,5.46,0.1,9.589622642
V201,Corn,3.328,1.640435,81.8905152,300.2652224,4/26/2021,5/13/2021,,COS,COS,COS,loam,31.36754,44.65518,23.97728,,,0.225819,84.43739,75,85.1953,182,85.83033,19.03682,25.31465,3.17,57.491,,1.941,0.206,,,6.842874,54.13761,0.425598,28.05058,597.1751,70.03026,5.86,60.74686,5.7,100,88.4,100,59.9,4.6,6.6,0.5,100,70.93616,27.08,1558.2,0.11,5.17,0.11,9.422330097
V202,Corn,3.783,1.533298,87.00699501,319.0256484,4/26/2021,5/13/2021,,COS,COS,COS,loam,36.51542,46.06005,17.42453,,,0.221251,82.6985,90,80.75077,155,90.62786,39.05039,67.26505,3.49,70.69322,,2.232,0.239,,,7.740245,64.6479,0.496531,36.50862,669.8148,82.06691,6.48,100,5.6,100,116.9,100,55.8,2.5,5.3,0.3,100,81.27157,16.3,2235.5,0.09,4.73,0.2,9.338912134
V203,Corn,3.51,1.444599,76.05813735,278.879837,4/26/2021,5/13/2021,,COS,COS,COS,loam,40.16242,42.76755,17.07002,,,0.216766,80.87575,80,83.79695,159,90.00468,45.52962,79.02246,3.32,63.89133,,2.122,0.227,,,7.19347,58.32218,0.581651,47.56143,609.8871,72.37387,6.25,97.9595,6.3,100,104.1,100,63.6,3.4,5.3,0.3,100,81.15068,21.93,1853.7,0.1,3.92,0.2,9.348017621
V204,Corn,3.965,1.295356,77.0412981,282.4847597,4/26/2021,5/13/2021,,AGE,AGE,COS,loam,35.00925,42.18506,22.80569,,,0.227698,85.11788,72,85.99435,178,86.63045,63.9806,96.65433,3.89,83.86412,,2.522,0.257,,,8.183846,69.5064,0.822823,77.11815,697.0547,85.65984,5.76,42.78627,10.5,100,168.5,100,114.5,7.3,8.5,0.6,100,84.44432,27.48,1472.3,0.13,5.54,0.12,9.813229572
V205,Corn,3.237,1.266204,61.48053522,225.4286291,4/26/2021,5/13/2021,,COS,COS,COS,loam,34.73594,40.7549,24.50916,,,0.220429,82.37322,112,72.92254,159,90.00468,23.3771,33.59672,3.2,58.79296,,1.974,0.206,,,7.092057,57.11926,0.489438,35.62351,648.0229,78.81805,6.01,83.00962,7.5,100,124.8,100,72.4,6.3,8,0.5,100,74.35505,26.38,1972.6,0.13,5.41,0.15,9.582524272
V206,Corn,3.146,1.310056,61.82154264,226.6789897,4/26/2021,5/13/2021,,COS,COS,AGE,loam,35.075,44.09844,20.82656,,,0.238697,88.69988,76,84.92229,166,88.84226,29.36407,46.37921,3.55,72.9437,,2.266,0.238,,,8.041829,67.98291,0.617117,52.27504,706.1347,86.74122,5.86,60.74686,9.9,100,173.3,100,68.4,9.9,11.2,0.6,100,79.12778,31.67,1461.8,0.14,7.29,0.12,9.521008403
V301,Corn,2.873,1.3118,56.532021,207.284077,4/26/2021,5/13/2021,,COS,COS,COS,loam,31.61429,44.91409,23.47162,,,0.240022,89.08579,96,78.76545,158,90.16324,18.35964,24.1264,3.26,61.36668,,2.099,0.221,,,7.396075,60.70113,0.510718,38.30014,684.3428,84.04836,5.97,78.01581,9.7,100,185.5,100,71.2,6.3,8.2,0.5,100,75.38108,28.17,1454.3,0.14,4.01,0.12,9.497737557
V302,Corn,3.874,1.521837,88.43394807,324.2578096,4/26/2021,5/13/2021,,COS,COS,COS,loam,33.9078,47.12241,18.96979,,,0.22418,83.82721,85,82.31529,178,86.63045,36.71104,62.44845,3.58,74.03564,,2.462,0.256,,,8.27586,70.47596,0.602931,50.38972,691.6067,84.98318,5.67,27.72907,6.9,100,131.6,100,69.1,12.4,10.7,0.7,100,76.90291,40.31,1450.4,0.18,5.53,0.1,9.6171875
V303,Corn,3.328,1.380317,68.90542464,252.6532237,4/26/2021,5/13/2021,,COS,COS,COS,loam,34.07678,46.25741,19.66581,,,0.217251,81.07825,55,89.96647,164,89.18383,42.31154,73.51353,3.6,74.75075,,2.126,0.229,,,8.031037,67.86584,0.695144,62.44334,662.5509,81.02054,5.69,30.85375,5.8,100,125.4,100,72.6,11.8,10.4,0.6,100,79.22302,49.98,1422.7,0.17,5.02,0.12,9.283842795
V304,Corn,3.419,1.316783,67.53121616,247.6144592,4/26/2021,5/13/2021,,COS,COS,AGE,loam,32.587,44.56218,22.85082,,,0.224255,83.85548,79,84.08329,183,85.62533,34.10376,56.84506,3.45,69.14625,,2.235,0.239,,,7.489369,61.78385,0.595837,49.44647,662.5509,81.02054,5.58,15.86553,5.2,100,82.6,100,71.6,8.4,9.6,0.7,100,73.97265,40.94,1486.6,0.18,7.81,0.1,9.351464435
V305,Corn,3.146,1.340453,63.25597707,231.9385826,4/26/2021,5/13/2021,,COS,COS,COS,loam,35.94419,41.31767,22.73814,,,0.216842,80.90732,90,80.75077,280,57.21373,22.95148,32.73869,3.26,61.36668,,2.004,0.211,,,7.188903,58.26816,0.567464,45.68183,689.7908,84.75297,6.34,100,6.8,100,67.3,92.66986,61.1,2.3,5.3,0.3,100,74.52917,17.23,1865.9,0.11,4.26,0.17,9.497630332
V306,Corn,3.692,1.517103,84.01716414,308.0629352,4/26/2021,5/13/2021,,COS,COS,AGE,loam,32.70293,43.53075,23.76631,,,0.224096,83.79573,85,82.31529,290,53.62176,37.78643,64.69221,3.49,70.69322,,2.113,0.215,,,7.719757,64.41684,0.610024,51.33275,677.0788,83.07625,5.92,70.72795,4.5,100,63.2,88.49524,68.2,4.8,8.1,0.4,100,76.09727,30.61,1752,0.12,6.27,0.12,9.827906977
V307,Corn,4.875,1.265955,92.57295938,339.4341844,4/26/2021,5/13/2021,,AGE,AGE,COS,clay loam,21.14284,50.06742,28.78973,,,0.22934,85.69622,130,65.51104,300,50,64.49489,93.97123,4.54,72.57469,,2.86,0.278,,,9.03866,85.22702,0.900849,84.20289,762.4305,82.56599,6.07,89.01399,7.5,100,82.8,100,153.4,3.1,9.9,0.7,100,84.06359,22.26,2207.1,0.1,5.95,0.18,10.28776978
V401,Corn,4.966,1.280655,95.39599095,349.7853002,4/26/2021,5/13/2021,,AGE,AGE,COS,clay loam,22.11607,50.09071,27.79322,,,0.238473,88.6338,97,78.42331,300,50,70.12044,96.77309,4.65,76.49211,,3.15,0.296,,,9.399893,87.83203,0.907943,84.76663,813.2783,88.325,6.29,98.70355,6.2,100,91.8,100,172.5,1.9,7.6,0.6,100,87.49579,16.05,2523.8,0.08,5.19,0.2,10.64189189
V402,Corn,3.692,1.455562,80.60902356,295.5664197,4/26/2021,5/13/2021,,COS,COS,AGE,clay loam,26.64692,45.73287,27.62021,,,0.234261,87.33714,104,75.94053,300,50,25.5327,30.91438,3.72,37.78581,,2.383,0.231,,,7.985005,75.64729,0.652584,56.95699,717.0306,76.11954,6.58,100,9.8,100,69.8,95.21536,100.5,1.7,8.2,0.3,100,73.82642,14.07,3171.5,0.1,7.11,0.22,10.31601732
V403,Corn,3.783,1.37359,77.94436455,285.7960034,4/26/2021,5/13/2021,,COS,COS,COS,loam,29.35427,44.28762,26.35811,,,0.237409,88.31547,80,83.79695,290,53.62176,21.49623,29.87541,3.48,70.30986,,2.169,0.213,,,7.102401,57.24228,0.546184,42.88174,564.4873,63.62976,5.9,67.52819,4.1,100,63,88.2916,77.2,3.6,8.3,0.4,100,70.45775,32.36,1956.7,0.11,5.41,0.12,10.18309859
V404,Corn,3.965,1.173021,69.76542398,255.8065546,4/26/2021,5/13/2021,,COS,COS,COS,loam,30.10728,47.05172,22.841,,,0.233116,86.96764,100,77.3779,296,51.45038,16.10006,20.38992,3.54,72.57469,,2.275,0.233,,,7.874401,66.14724,0.453971,31.32134,662.5509,81.02054,6.44,100,5.6,100,48.4,73.42588,50.1,1.2,4.6,0.1,56,68.05629,13.92,2332.8,0.07,4.05,0.23,9.763948498
V405,Corn,3.601,1.441111,77.84161067,285.4192391,4/26/2021,5/13/2021,,COS,COS,COS,loam,30.97185,47.55347,21.47469,,,0.226928,84.84172,135,63.32432,300,50,41.93145,72.8175,3.63,75.80363,,2.343,0.242,,,7.436181,61.16764,0.638397,55.09218,664.3669,81.28559,7.09,100,4.9,100,56.5,81.6733,57.7,1.2,4.9,0.1,56,73.50049,9.84,3363.2,0.07,4.04,0.36,9.681818182
V406,Corn,3.965,1.178751,70.10621573,257.0561243,4/26/2021,5/13/2021,,COS,COS,COS,loam,32.07609,46.21874,21.70517,,,0.229929,85.90001,125,67.64713,300,50,56.42933,92.1134,3.83,82.17937,,2.653,0.266,,,8.450097,72.27192,0.610024,51.33275,702.5027,86.31561,6.77,100,4.3,100,55.7,80.85874,59.1,1.1,3.7,0.1,56,77.05158,8.52,2591.6,0.05,4.26,0.35,9.973684211
EL1,Pasture,NA,NA,NA,NA,4/29/2021,5/13/2021,1,NA,NA,NA,loam,41.41521,38.56151,20.02327,,,0.239998,89.07897,NA,NA,NA,NA,87.73731,99.91894,6.15,99.97674,,4.183,0.334,,,10.8445,90.59995,1.852771,99.99852,707.8385,86.9377,6.35,100,4.8,100,72.8,98.26996,36.6,6.7,7.1,2.7,100,96.47808,99.3,1540.1,0.07,7.68,0.13,12.5239521
NW22C,Corn,3.5,NA,NA,NA,4/13/2021,4/28/2021,,NA,COS,COS,loam,39.58800188,42.07138207,18.34061606,,,0.208080272,77.02579138,NA,NA,NA,NA,44.542869,77.40891991,3.73,79.13490672,,2.18,0.205,,,6.828070001,53.95956736,0.736284778,67.51872785,666.2169119,81.55324291,6.72,100,5.1,100,103.1,100,92.3,1,4.7,0,56,79.26011561,13.62,1836,0.03,4.89,0.28,10.63414634
NW22T,Corn,4.36,1.187985375,77.69424353,284.8788929,4/13/2021,4/28/2021,,NA,COS,COS,loam,36.96790067,44.04065484,18.99144448,,,0.222355488,83.13000091,NA,NA,NA,NA,41.48552027,71.98947608,4.04,87.60685019,,2.532,0.24,,,7.509511721,62.01644202,0.716423532,65.10210062,690.684158,84.8665143,6.42,100,12.7,100,287.5,100,143.7,2,5.7,0.2,56,81.07113841,8.6,1809.6,0.08,7.22,0.22,10.55
AW51,Veg,3.92,1.339372844,78.75512323,288.7687852,5/20/2021,5/26/2021,4,MIX,MIX,MIX,sandy loam,61.78232,25.57263,12.64505,,,0.234244,93.17827,NA,NA,NA,NA,69.7254,98.42781,5.74,99.99985,,3.263,0.249,,,12.97868,94.45217,0.702237,63.33691,889.5685,98.60198,6.48,100,13.1,100,183.5,100,125.8,8.4,2.8,1.2,100,94.7997,2.82,4921.5,0.05,4.6,0.59,13.10441767
AW52,Veg,3.59,1.425248179,76.74961444,281.4152529,5/20/2021,5/26/2021,4,MIX,MIX,MIX,sandy loam,71.84686,19.94533,8.20781,,,0.177812,75.27057,NA,NA,NA,NA,69.14734,98.29673,4.39,99.85937,,2.89,0.207,,,11.67517,88.90473,0.822823,77.11815,794.2447,95.73949,6.54,100,27.5,100,319.2,100,133.8,6.5,3.2,1.9,100,93.5189,20.08,2444,0.09,12.8,0.2,13.96135266
H5,Hay,,,,,5/4/2021,6/3/2021,1,GRE,GRE,GRE,silt loam,18.53501,54.7189,26.74609,,,0.263284,94.39681,,,,,35.17588,59.17284,4.88,98.16411,,3.021,0.283,,,6.223203,46.65767,1.188837,97.51648,922.6973,98.88392,7.38,97.18748,5.2,100,108.1,100,546.4,1.9,5.6,0.6,100,89.19793,8.21,3323.9,0.13,9.93,0.59,10.67491166
H6,Pasture,,,,,5/4/2021,6/3/2021,1,PIE,PIE,PIE,silty clay loam,16.32629,52.98623,30.68747,,,0.262922,94.33366,,,,,35.64994,51.3644,5.71,97.12834,,3.537,0.309,,,6.396232,56.56896,1.096625,95.10798,976.447,97.76377,7.14,100,4.4,100,133.9,100,577.2,3,5.6,0.4,100,89.22671,9.11,3431.9,0.13,5.98,0.4,11.44660194
H7,Pasture,,,,,5/4/2021,6/3/2021,1,PIE,PIE,PIE,silty clay loam,11.11782,53.38027,35.50191,,,0.276397,96.33307,,,,,19.33678,20.48618,5.02,87.14629,,2.934,0.277,,,8.058156,76.40483,1.096625,95.10798,937.0305,96.48639,6.73,100,4.7,100,175.9,100,505.2,2.5,6.9,0.6,100,87.19647,10.75,2368.4,0.2,6.77,0.38,10.59205776
H8,Pasture,,,,,5/4/2021,6/3/2021,1,PIE,PIE,PIE,silty clay loam,12.62237,52.33485,35.04278,,,0.276437,96.33804,,,,,26.80683,33.31545,5.14,89.73627,,3.21,0.32,,,8.096449,76.79614,0.876732,82.18506,1058.863,99.22251,6.91,100,11,100,214.2,100,495,2.6,4.5,0.8,100,87.75935,5.56,2860.5,0.18,8.64,0.67,10.03125
H9,Pasture,,,,,5/4/2021,6/3/2021,1,PIE,PIE,PIE,silty clay loam,12.04481,48.54872,39.40647,,,0.283787,97.15717,,,,,35.26652,50.5596,5.69,96.97942,,3.649,0.339,,,7.696155,72.53196,1.068251,94.0719,1044.53,99.05539,6.58,100,8,100,312.1,100,517.4,3.4,5.2,1.2,100,91.03554,10.48,2560.9,0.21,7.63,0.45,10.7640118
H10,Pasture,,,,,5/4/2021,6/3/2021,1,PIE,PIE,PIE,clay loam,23.74808,47.05637,29.19555,,,0.284267,97.20488,,,,,41.71196,63.80536,5.27,92.08941,,3.35,0.274,,,9.404672,87.86418,1.252677,98.52071,978.2387,97.81101,7.01,100,2.2,63.6,98.2,100,355.6,1.3,6.6,0.3,100,90.08955,5.39,2656.2,0.09,5.74,0.38,12.22627737
H11,Pasture,,,,,5/4/2021,6/3/2021,1,PIE,PIE,PIE,loam,34.90462,43.95938,21.136,,,0.269256,95.3605,,,,,52.43465,88.31367,4.27,92.08941,,2.885,0.267,,,8.033062,67.88782,1.217211,98.01746,874.3226,97.84822,6.87,100,2.6,74.8,93.1,100,301.5,0.9,7,0.4,100,91.43171,4.67,2205.4,0.1,5.67,0.52,10.80524345
H12,Pasture,,,,,5/4/2021,6/3/2021,1,PIE,PIE,PIE,silty clay loam,15.01066,52.0519,32.93743,,,0.295574,98.14996,,,,,63.06383,93.0168,7.37,99.99096,,4.744,0.454,,,8.479038,80.50171,1.465476,99.80424,1096.488,99.54389,6.94,100,5.7,100,142.8,100,660,1,6.4,0.6,100,97.10076,5.72,4084.9,0.12,9.25,0.69,10.44933921
H13,Pasture,,,,,5/4/2021,6/3/2021,1,PIE,PIE,PIE,silty clay,10.86335,43.74899,45.38766,,,0.211498,78.5902,,,,,14.96569,14.58414,4.49,70.69322,,2.404,0.226,,,5.434153,43.82994,0.968945,89.06172,877.9059,93.50542,6.81,100,2.2,63.6,174.5,100,1124.3,10.8,33.5,0.6,100,75.38646,17.53,2002.9,0.26,5.63,0.25,10.63716814
H14,Pasture,,,,,5/4/2021,6/3/2021,1,PIE,PIE,PIE,silty clay,8.950129,47.78334,43.26653,,,0.23847,88.63293,,,,,18.48241,19.23287,4.92,84.66621,,2.832,0.258,,,5.306832,42.1631,0.869639,81.56194,886.8642,94.05398,6.54,100,2.2,63.6,167.2,100,791.1,3.3,12.1,0.7,100,77.3911,19.11,2239.1,0.16,5.15,0.2,10.97674419
H15,Hay,,,,,5/4/2021,6/3/2021,1,GRE,GRE,GRE,silty clay loam,10.59677,49.81955,39.58367,,,0.192254,69.01291,,,,,30.5187,40.67714,4.52,71.82929,,2.619,0.261,,,5.632754,46.45084,0.791613,73.84937,816.9895,88.68505,7.2,100,5.8,100,351,100,607.8,1.4,4.5,0.5,100,79.05046,7.88,2926.8,0.16,9.31,0.72,10.03448276
H16,Hay,,,,,5/4/2021,6/3/2021,1,GRE,GRE,GRE,silty clay loam,9.300536,53.05026,37.64921,,,0.282959,97.07331,,,,,29.61143,38.83551,5.78,97.60231,,3.419,0.307,,,6.983206,64.09759,0.990225,90.3328,890.4475,94.26295,6.37,100,3.1,88.8,196,100,626.3,7.4,10.8,0.7,100,87.10045,25.08,2335.6,0.19,6.77,0.34,11.13680782
H17,Hay,,,,,5/4/2021,6/3/2021,1,GRE,GRE,GRE,silty clay,10.25885,47.89924,41.84191,,,0.277031,96.41068,,,,,22.59136,25.68504,4.71,78.49115,,2.633,0.243,,,5.291468,41.96285,0.6994,62.98031,797.2813,86.68033,6.32,100,1.5,43.9993,171.3,100,474.8,5,7.4,0.7,100,73.62097,25.58,2397.3,0.19,5.44,0.17,10.83539095
H18,Hay,,,,,5/4/2021,6/3/2021,1,GRE,GRE,GRE,silty clay,8.65836,50.6181,40.72354,,,0.296618,98.2215,,,,,29.4686,38.54773,4.93,84.9276,,2.813,0.261,,,6.179843,53.71599,0.756146,69.86378,842.0727,90.91213,6.6,100,2.1,60.8,161.1,100,462.4,2.4,5.6,0.7,100,79.69887,19.95,2713.4,0.15,7.1,0.3,10.77777778
H19,Hay,,,,,5/4/2021,6/3/2021,1,GRE,GRE,GRE,silty clay,11.45865,44.13427,44.40708,,,0.290213,97.74265,,,,,17.25596,17.51785,4.6,74.75075,,2.666,0.243,,,6.326364,55.65079,1.068251,94.0719,797.2813,86.68033,7.21,100,2,58,166.1,100,595.1,14.7,22.5,0.5,100,78.44143,25.92,3730,0.32,6.62,0.21,10.97119342
H20,Hay,,,,,5/4/2021,6/3/2021,1,GRE,GRE,GRE,silty clay loam,10.34861,50.48645,39.16493,,,0.317279,99.22327,,,,,33.63248,47.1311,5.52,95.43796,,3.369,0.31,,,7.622054,71.70222,1.039878,92.87113,926.2806,96.04902,6.44,100,2.7,77.6,126.9,100,508.4,4,6.3,0.8,100,88.00147,15.54,2288.2,0.14,5.07,0.27,10.86774194
H21,Hay,,,,,5/4/2021,6/3/2021,1,GRE,GRE,GRE,loam,30.54909,43.85976,25.59115,,,0.267503,95.09253,,,,,40.20243,69.54106,3.35,65.13208,,2.216,0.197,,,6.723844,52.70401,0.883825,82.79474,664.6987,81.33377,6.14,93.88818,1.7,49.6,54.2,79.33144,205.9,2.5,4,0.4,100,76.94178,17.84,1586.8,0.11,4.12,0.17,11.24873096
H22,Hay,,,,,5/4/2021,6/3/2021,1,GRE,GRE,GRE,loam,32.31378,43.6929,23.99332,,,0.310299,98.96193,,,,,37.73417,64.58426,3.89,83.86412,,2.486,0.235,,,6.315464,47.77028,0.862546,80.92544,840.2811,96.70687,6.97,100,1.8,52.4,58.4,83.60788,301.3,0.9,4.8,0.2,56,76.48208,6.34,2123.3,0.07,4.22,0.36,10.5787234
H1,Veg,,,,,10/14/2021,10/19/2021,2,MIX,MIX,MIX,clay loam,30.89102,35.81887,33.29011,NA,NA,0.274872578,96.1408525,NA,NA,NA,NA,11.56960171,10.87545208,5.351816575,93.34538237,4.072098325,4.458,0.308,,,10.06647824,91.75571787,1.376100645,99.51592506,1296.029591,99.98440124,7.5,91.36589793,100,100,331,100,605.3,1.7,22.6,2.1,100,88.29836291,4,8527.6,0.15,22.04,0.77,
H2,Veg,,,,,10/14/2021,10/19/2021,2,MIX,MIX,MIX,loam,42.41387,34.48879,23.09734,NA,NA,0.243913011,90.16428551,NA,NA,NA,NA,20.11550041,27.26910276,5.861977147,99.92635602,3.852672205,4.236,0.295,,,12.68607569,96.95739375,1.092368553,94.96250052,1316.148402,99.99948698,7.4,96.5481826,135.4,100,587.5,100,497.5,2.9,18.2,2.7,100,90.58273081,3.08,7423.8,0.18,25.83,0.89,
H3,Pasture,,,,,5/4/2021,6/3/2021,1,PIE,PIE,PIE,silty clay,10.86335,43.74899,45.38766,,,0.211498,78.5902,,,,,14.96569,14.58414,4.49,70.69322,,2.404,0.226,,,5.434153,43.82994,0.968945,89.06172,877.9059,93.50542,6.81,100,2.2,63.6,174.5,100,1124.3,10.8,33.5,0.6,100,75.38646,17.53,2002.9,0.26,5.63,0.25,
H4,Pasture,,,,,5/4/2021,6/3/2021,1,PIE,PIE,PIE,silty clay,8.950129,47.78334,43.26653,,,0.23847,88.63293,,,,,18.48241,19.23287,4.92,84.66621,,2.832,0.258,,,5.306832,42.1631,0.869639,81.56194,886.8642,94.05398,6.54,100,2.2,63.6,167.2,100,791.1,3.3,12.1,0.7,100,77.3911,19.11,2239.1,0.16,5.15,0.2,
