Year,DoY,season,daily_NEE,daily_GPP,daily_Reco,MaxT,MinT,Radn,rainfall,TairMean,pdi,mean_SoilC,grazeYN
2022,1,Winter,-0.0758934484,-0.0991384369,0.0232438676,3.9,1.1,0.91,0,2.279166667,-0.05,0.285768133,N
2022,2,Winter,-0.3310351683,-0.354992752,0.0239615222,3.9,-2.2,1.19,0,2.293055556,-0.05,2.154220842,N
2022,3,Winter,-0.08417587019999999,-0.0963618578,0.0121864654,-2.2,-8.9,2.32,0,-5.321180556,-0.05,0.910507458,N
2022,4,Winter,-0.3755779996,-0.385839404,0.0102605952,-2.8,-12.8,7.38,0,-7.093402778,-0.05,-1.684123733,N
2022,5,Winter,-0.134298326,-0.1496158394,0.0153152832,5,-4.4,1.02,4.6,-3.083333333,-0.05,-2.386601513,N
2022,6,Winter,-0.1916652632,-0.2108021092,0.0191447415,3.9,-2.2,6.89,0,-0.469444444,-0.05,-0.145919542,N
2022,7,Winter,-0.5831620152,-0.5985784785,0.015427957,0,-5,0.53,8.6,-2.939930556,-0.05,0.291005704,N
2022,8,Winter,-0.1481627762,-0.15605327670000002,0.0078884411,-2.8,-13.3,8.41,0,-9.408333334,0.37,-0.582689675,N
2022,9,Winter,0.7358231302,0.7170386824,0.0187826012,2.8,-12.2,2.38,1.5,-0.941666667,0.37,-2.077992504,N
2022,10,Winter,-0.1504884991,-0.1765188073,0.0260337994,3.9,-11.1,7.67,0,-3.776041667,0.37,-1.057004029,N
2022,11,Winter,0.14148556119999997,0.1160182555,0.0254674851,-10,-17.8,7.9,0,-14.8125,0.37,-1.817255396,N
2022,12,Winter,-0.2664654428,-0.43035642139999997,0.1638923767,-0.6,-17.8,5.12,0,-7.988541667,0.37,-6.669571942,N
2022,13,Winter,0.18045979709999999,-0.1761512104,0.3566130638,1.1,-5,3.73,0,-1.470833333,0.37,-2.415279133,N
2022,14,Winter,0.7399028079,0.2254854772,0.5144211517,2.2,-11.1,3.72,0,-0.607638889,0.37,-1.706861875,N
2022,15,Winter,0.1595983174,0.05670776330000001,0.1028917601,-11.1,-17.8,8.25,0,-15.26666667,-0.49,-2.384443667,N
2022,16,Winter,-0.57706882,-0.8089038457000001,0.2318469299,-5.6,-20,8.34,0,-12.21111111,-0.49,-7.723085796,N
2022,17,Winter,0.4501821884,-0.6661379981,1.1163148193,8.3,-7.2,2.42,29,2.600347222,-0.49,-5.243285879,N
2022,18,Winter,0.6932935634,0.011790901000000013,0.6815013112,1.7,-12.8,7.21,0.3,-4.75625,-0.49,-1.392125188,N
2022,19,Winter,0.06185924280000001,-0.8859737223999999,0.9478294668,5,-13.3,5.15,0,-2.787847222,-0.49,-3.726295217,N
2022,20,Winter,0.8822582328,-0.21694655799999998,1.099192211,3.9,-11.7,4.99,0,-1.744791667,-0.49,-2.297762304,N
2022,21,Winter,-0.4867110386,-0.8507778004000001,0.3640637583,-7.2,-16.1,8.19,0,-12.00381944,-0.49,-2.961785379,N
2022,22,Winter,-0.3962505346,-0.8221049252,0.4258520026,-7.2,-17.2,9.11,0,-11.59027778,-0.45,-7.165094754,N
2022,23,Winter,0.017130527800000007,-0.9558722275,0.9730077152,0,-13.9,6.3,0,-5.446527778,-0.45,-8.666380317,N
2022,24,Winter,-0.04622885719999998,-1.0754256972,1.0292021258,-3.3,-8.9,8.42,0.5,-5.115972222,-0.45,-4.643273417,N
2022,25,Winter,0.4346890542,-1.100448328,1.5351491448,1.7,-7.2,5.56,1,-1.581944444,-0.45,-4.768752792,N
2022,26,Winter,-0.48505303839999997,-1.2270622861,0.7420171096,-6.1,-16.1,9.56,0,-9.337152778,-0.45,-3.264213317,N
2022,27,Winter,-1.0415252932,-1.631371752,0.5898357274,-5.6,-19.4,8.95,0,-11.96493056,-0.45,-7.256894175,N
2022,28,Winter,0.04139406,-1.482831255,1.524229891,-0.6,-6.1,4.16,0,-3.392708333,-0.45,-6.549246217,N
2022,29,Winter,-0.5062128567,-1.4265578229,0.9203446111,-5,-12.2,0.75,21.8,-8.733680556,-1.06,-3.582633721,N
2022,30,Winter,-0.20350526500000002,-0.9406002386,0.7371023626,-4.4,-16.7,10.48,0,-10.70902778,-1.06,-4.674701433,N
2022,31,Winter,-0.650869901,-1.4887968484,0.8379230588,-5,-21.7,9.94,0,-11.21319444,-1.06,-3.096194967,N
2022,32,Winter,-0.5252890598,-1.8849971615,1.3596947152,-1.1,-18.3,6.14,0,-7.516666666,-1.06,-2.819470471,N
2022,33,Winter,2.2727168332,-0.4993020144,2.7720027141,4.4,-3.9,4.82,0,0.808680556,-1.06,-2.648078654,N
2022,34,Winter,2.069247644,-1.4060652618,3.4752873652,6.1,1.1,4.17,4.1,4.026736111,-1.06,-2.374572504,N
2022,35,Winter,0.4100074066,-1.441778485,1.8517799489,1.1,-8.3,1.48,32,-3.653472222,-1.06,-2.186080671,N
2022,36,Winter,-0.5389829412,-1.6004396012,1.0614547851,-6.1,-13.3,10.36,1.3,-8.144444444,0.73,-2.131216429,N
2022,37,Winter,-0.633377594,-1.4432408037,0.8098716633,-6.1,-16.7,10.83,0,-10.32256944,0.73,-2.146055608,N
2022,38,Winter,-0.13595597200000004,-1.7396134403,1.6036484651,1.1,-10.6,4.23,0.8,-3.624652778,0.73,-2.147290292,N
2022,39,Winter,-0.08127339160000001,-2.531830997,2.4505557941,3.3,0,4.6,11.2,2.302777778,0.73,-2.012744638,N
2022,40,Winter,1.7718012584,-0.2769873424,2.0487607643,4.4,-2.2,11.44,0,0.525347222,0.73,-1.870447533,N
2022,41,Winter,-0.21107602009999998,-2.3187448796,2.1076661142,6.7,-1.7,7.43,0.5,1.520486111,0.73,-1.790577946,N
2022,42,Winter,-1.4388456918,-3.7978368905999997,2.3589968852,6.7,0,11.63,0,3.973958333,0.73,-1.709734342,N
2022,43,Winter,-1.262012643,-4.0933046730000004,2.8312842084,12.2,1.1,6.89,0,7.665972223,0.73,-1.625212104,N
2022,44,Winter,0.05904946648000001,-1.1396313526,1.1986827556,1.1,-7.8,4.25,0,-2.960069444,0.73,-0.895218908,N
2022,45,Winter,0.1658499869,-0.42495081939999996,0.5907983648,-6.1,-13.9,10.7,0,-8.837152778,0.73,-2.644696308,N
2022,46,Winter,-0.06043157399999999,-0.5986389646,0.5382152063,-2.8,-14.4,12.47,0,-9.102777778,0.73,-5.5410586,N
2022,47,Winter,-0.9227199906,-1.9465529,1.0238382298,5.6,-14.4,10.97,0,-2.870138889,0.73,-5.609442138,N
2022,48,Winter,1.6340914863,-0.7306391796,2.3647501573,12.2,5.6,8.04,0.3,11.5875,0.73,-2.389983883,N
2022,49,Winter,3.1195472598,1.6115727338,1.507938374,14.4,-8.9,11.31,1.8,4.014583333,0.73,1.480580904,N
2022,50,Winter,-0.328303367,-0.9276536664,0.5993578472,-0.6,-11.7,6.73,0,-4.684027778,0.38,0.331683096,N
2022,51,Winter,-0.1703797044,-0.6409689554,0.4705879912,-1.1,-11.7,11.57,0,-5.651041667,0.38,-1.587096913,N
2022,52,Winter,-0.24760572379999998,-1.1584734554,0.9108682801,11.1,-2.2,12.57,0,3.279513889,0.38,-2.115337104,N
2022,53,Winter,-0.3540964511,-1.111789502,0.7576928724,8.9,-1.1,5.7,1.8,3.606597222,0.38,-0.606493383,N
2022,54,Winter,-1.3355237618,-2.3640178786,1.0284860653,18.9,-3.9,11.32,15.2,10.49270833,0.38,1.7046346000000001,N
2022,55,Winter,0.72906388070000006,0.4997587783,0.2293050251,-1.1,-8.9,10.65,0,-5.441666667,0.38,2.694126388,N
2022,56,Winter,-0.1731114104,-0.3001973798,0.1270805087,-5.6,-11.7,3.27,9.1,-7.978125,0.38,-1.428279625,N
2022,57,Winter,-0.8372897414,-0.9319708332,0.0946838032,-3.3,-17.2,15.04,0.3,-8.053472222,0.35,-2.221797696,N
2022,58,Winter,-0.7744274326,-0.9079702006,0.1335376561,2.8,-8.3,13.29,0,-3.222569444,0.35,-1.977255246,N
2022,59,Winter,-0.8342672101999999,-0.8960612976,0.0617963735,-4.4,-12.8,15.42,0.8,-8.444097222,0.35,-1.923339583,N
2022,60,Winter,-0.2560566026,-0.3241702039,0.0681162981,1.7,-17.2,6.69,0.3,-6.023958334,0.35,-4.633258571,N
2022,61,Winter,0.02531129910000001,-0.05820747919999999,0.0835183922,2.8,-5.6,15.14,7.4,-0.840625,0.35,-1.977932992,N
2022,62,Winter,-0.3474562828,-0.4317982441,0.0843483326,0.6,-11.7,15.41,2.8,-3.278472222,0.35,-1.236378733,N
2022,63,Winter,-1.0372612828,-1.1146240751,0.0773534243,-1.1,-16.7,16.38,0,-7.050347222,0.35,-1.579564158,N
2022,64,Winter,-0.5659465707,-0.7037819459,0.1378353657,3.3,-10.6,14.48,0,-3.446527777,0.86,-1.761719763,N
2022,65,Winter,-0.6000229882,-1.061523715343,0.4615014049,15,2.2,8.88,2.5,7.94375,0.86,-1.603777317,N
2022,66,Winter,-0.8197456124,-1.4782827236,0.6585302215,13.9,2.8,3.19,4.8,7.878993056,0.86,0.787784846,N
2022,67,Winter,1.4772817963,0.8717350868,0.6055106274,8.9,-5,15.27,8.4,1.992013889,0.86,1.562000525,N
2022,68,Winter,0.03253085559999999,-0.552294164,0.5848249969,2.2,-5.6,4.82,0.8,-1.204513889,0.86,0.260724646,N
2022,69,Winter,0.3794213073,-0.506956078,0.8863812593,10,-5.6,16.7,1,1.172222222,0.86,-0.281145483,N
2022,70,Winter,0.9275108989999999,-0.314651099,1.2421613345,6.7,-3.3,13.76,0,2.423263889,0.86,0.525874083,N
2022,71,Winter,0.7082811979,-0.6649748708,1.3732542401,5.6,-4.4,1.72,14.7,0.236805556,0.82,1.195471696,N
2022,72,Winter,0.6329138348,-0.6186943292,1.2516131561000001,0,-6.1,17.46,0.3,-3.419444444,0.82,0.957287088,N
2022,73,Winter,1.203115161,-1.1160857016,2.3192079487,7.2,-5,16,0,1.475,0.82,-0.511068733,N
2022,74,Winter,0.4708348167,-2.39618062,2.8670027631,8.3,-1.7,6.83,0,4.941319445,0.82,0.256016033,N
2022,75,Winter,1.1240351864,-1.3537693272,2.4778007047,7.2,1.1,14.29,9.7,4.107291667,0.82,2.194768525,N
2022,76,Winter,1.0629014396,-1.4111251818,2.4740291311,9.4,3.3,10.24,0,5.941666667,0.82,2.462978604,N
2022,77,Winter,1.6562409944,-1.3976676462,3.0539117458,18.3,1.1,15.27,0,11.67951389,0.82,4.298212946,N
2022,78,Winter,1.2825819936,-0.7078053489,1.990381488,10,4.4,1.81,18.5,6.825694445,0.57,6.156662242,N
2022,79,Spring,0.8309521271,-1.0005649404,1.8315188962,8.9,1.7,11.74,1.5,8.611875,0.57,4.500559742,N
2022,80,Spring,0.6952882789,-0.6189654382,1.3142494502,11.1,2.2,18.66,1,7.471875,0.57,5.736720021,N
2022,81,Spring,0.9677904618000001,0.2633558219,0.7044364714,5.6,-1.1,19.75,0,2.976388889,0.57,4.583751942,N
2022,82,Spring,0.951994296,0.1725447377,0.7794521306,9.4,-2.2,17.95,0,2.803472222,0.57,2.173369346,N
2022,83,Spring,1.2981063888,0.293547032,1.0045597292,4.4,1.7,2.86,5.6,3.822569444,0.57,2.812029775,N
2022,84,Spring,0.9868288317999999,-0.5345793941,1.521402747,10.6,1.1,14.18,10.2,7.357291667,0.57,2.591475421,N
2022,85,Spring,1.3967621844,-0.3592469097,1.756028816,11.7,1.7,12.81,0,7.272222222,1.39,4.694512938,N
2022,86,Spring,0.5039508582,-1.2347540734,1.7386963876,11.7,-1.1,13.26,0,4.299305556,1.39,4.889827988,N
2022,87,Spring,1.2195170782,0.1631033908,1.0564095417,-0.6,-7.8,14.97,0,-4.920833333,1.39,3.970574963,N
2022,88,Spring,1.6635224014,0.021300681000000002,1.642218584,1.7,-8.3,21.15,0,-2.880902778,1.39,0.205823513,N
2022,89,Spring,1.7534712816,-1.2774805096,3.0309580471,9.4,-5,20.31,0,2.655208333,1.39,-0.352545171,N
2022,90,Spring,2.1477949579,-1.9795722452,4.1273811741,10.6,3.3,3.98,2,7.942708333,1.39,1.101513167,N
2022,91,Spring,1.9134531448,-2.3831807034,4.2966728357,12.8,3.3,6.9,12.7,9.302083334,1.39,5.956749213,N
2022,92,Spring,0.8979512511,-2.0229586702,2.9208978536,10,0,21.83,0,4.287847222,0.53,5.714725738,N
2022,93,Spring,0.4697576604,-2.0316825642,2.5014479177,7.2,-2.8,13.17,0,3.250347222,0.53,3.938560746,N
2022,94,Spring,1.27704808556,-1.5786742888,2.8557215948,12.2,1.7,21.68,0,6.619791667,0.53,3.039603167,N
2022,95,Spring,1.1361357892,-1.4529968683,2.5891461352,13.9,0,21,0,7.064236111,0.53,5.008456163,N
2022,96,Spring,0.849861007,-1.1529914079999999,2.0028480875,10,0,8.9,0,5.859375,0.53,5.800617467,N
2022,97,Spring,0.955831751,-0.6979035042,1.6537326433,7.8,0,7.94,0,5.752777778,0.53,5.4703537,N
2022,98,Spring,-0.754226511,-2.7316054968,1.9773732385,13.9,3.3,10.43,46,8.687847223,0.53,4.943158717,N
2022,99,Spring,-1.0970995112,-2.7316521909000002,1.6345450326,8.9,0.6,5.16,9.1,5.285069444,-0.1,5.600679017,N
2022,100,Spring,-0.6584747903999999,-2.4607455288,1.8022645927,12.8,0,20.76,0.3,6.402777778,-0.1,5.365679675,N
2022,101,Spring,-0.1671490082,-2.3888358386,2.2216774376,17.2,2.8,23.15,0,9.426736111,-0.1,6.507386779,N
2022,102,Spring,-0.07779654600000002,-2.5671624192,2.4893733989999998,18.9,5,12.08,2,11.071875,-0.1,8.038769033,N
2022,103,Spring,-1.1818349708,-3.553059259,2.3712241438,15.6,3.3,7.55,2.5,10.02118056,-0.1,8.596959688,N
2022,104,Spring,-1.6474707934,-3.647294698,1.9998246738,7.8,5.6,3.4,0.8,7.028472222,-0.1,8.6250651,N
2022,105,Spring,-0.9939438724,-3.7292433546,2.7352928906,17.8,4.4,22.95,1.5,12.22222222,-0.1,6.605086271,N
2022,106,Spring,-1.044447826,-3.7661715011,2.7217327952,14.4,5.6,6.44,6.4,11.73680556,0.7,9.7630834,N
2022,107,Spring,-2.1788717472,-4.088177996,1.9092914157,10,1.1,21.07,8.6,5.617361111,0.7,8.3749672,N
2022,108,Spring,-1.3463658,-3.3123240572,1.9659561463,10.6,-1.7,24.08,0,5.866666666,0.7,6.379412583,N
2022,109,Spring,-1.1653552943999999,-3.4859998514,2.3206433907,12.8,4.4,10.75,19.8,8.352083333,0.7,6.628872171,N
2022,110,Spring,-1.7874407378,-3.9691236256,2.1816916514,11.1,1.1,23.6,0,7.035069444,0.7,6.883597313,N
2022,111,Spring,-3.5301422587999998,-5.8793443612,2.3492282115,9.4,-2.2,19.62,0,7.992013888,0.7,6.500465633,N
2022,112,Spring,-1.7513748724,-4.5615654456,2.8102206226,15,5.6,20.97,0,11.05590278,0.7,7.395874279,N
2022,113,Spring,-3.207122165,-5.8088951710000005,2.6017819139,13.9,1.1,20.67,0,9.4125,0.84,8.493117258,N
2022,114,Spring,-0.8348717954,-3.1853871175,2.3505268692,11.1,1.7,12.59,0,7.632291667,0.84,7.641896825,N
2022,115,Spring,-3.3537755808,-5.77888331,2.4251251633,11.7,5,18.56,0,7.876388889,0.84,7.600640871,N
2022,116,Spring,-1.1487651202,-3.9557235940999997,2.8069316001,12.8,5.6,5.12,2.8,10.42048611,0.84,7.606409963,N
2022,117,Spring,-2.066155517,-4.6771263648,2.6109614744,10.6,2.8,7.68,12.7,8.713541667,0.84,8.571190138,N
2022,118,Spring,-4.6335963168,-6.9343614604,2.3007701467,10,1.7,25.86,4.8,6.542708333,0.84,6.381560271,N
2022,119,Spring,-4.40979876,-6.783873845,2.3740371274,10,2.8,24.41,0,6.525347222,0.84,6.78395615,N
2022,120,Spring,-3.58932384,-6.4926002434,2.9032706607,14.4,5,18.78,0,8.292361111,1.22,6.431359871,N
2022,121,Spring,-3.2969652914,-6.5402602416,3.2433166143,13.9,3.3,25.45,0,9.1875,1.22,7.442660267,N
2022,122,Spring,-4.2123983912,-7.3255118256,3.113064217,12.8,2.2,14.12,0,8.022569444,1.22,8.493356317,N
2022,123,Spring,-4.9746540096,-8.5453115612,3.5707142584,13.9,7.2,19.62,0,9.679513889,1.22,8.725471742,N
2022,124,Spring,0.48283205679999996,-3.0260382538,3.5088743512,9.4,6.7,3.39,8.9,8.742013889,1.22,8.714758808,N
2022,125,Spring,-6.0123623760000005,-10.545567422,4.5331965474,19.4,7.8,24.99,3.8,12.590625,1.22,7.75877915,N
2022,126,Spring,-7.0353044686,-11.7239739548,4.6887380516,15.6,4.4,17.85,0,13.01076389,1.22,10.35671259,N
2022,127,Spring,-5.693886576,-9.3884488174,3.6946937954,10.6,3.9,19.79,0,8.327083333,1.35,10.07246678,N
2022,128,Spring,-5.088727152,-8.686954512,3.5981664355,11.7,1.7,23.39,0,7.591319444,1.35,8.239650983,N
2022,129,Spring,-3.5656408660000003,-7.3704073392,3.8047779277,13.9,-0.6,27.95,0,8.143402778,1.35,8.445086417,N
2022,130,Spring,-3.420558202,-7.783890696,4.3633435519,16.1,3.3,27.19,0,10.10625,1.35,9.5390119,N
2022,131,Spring,-3.1326553010000002,-8.884403722,5.7517900932,17.8,2.8,26.94,0,11.99236111,1.35,10.53343353,N
2022,132,Spring,-2.2528331710000002,-10.31749812,8.064686364,21.7,8.3,25.47,0,15.66319444,1.35,11.25575155,N
2022,133,Spring,-2.4442868446,-13.699064502699999,11.2548481976,21.1,9.4,25.5,0,20.25236111,1.35,13.52900467,N
2022,134,Spring,0.28528277720000006,-13.9531478688,14.2384753,28.9,14.4,23.57,0,24.175,0.57,15.06841176,N
2022,135,Spring,3.4058040188,-9.2297499883,12.6356672652,20.6,10.6,12.92,0,18.97847222,0.57,17.94137726,N
2022,136,Spring,-1.120303872,-12.540359476799999,11.4200376192,17.2,10.6,12.32,0,15.20465278,0.57,13.84911245,N
2022,137,Spring,-1.0564485264,-14.0694301868,13.0129394811,22.2,12.2,24.8,0,16.48888889,0.57,13.72928899,N
2022,138,Spring,-3.6701666352,-14.9608202688,11.2906268027,20,8.3,27.88,0,13.57291667,0.57,14.42814281,N
2022,139,Spring,10.4249737148,1.4439779281999998,8.9809934151,13.3,6.7,3.79,0,10.66979167,0.57,12.96600368,Y
2022,140,Spring,1.159831224,-7.8771649824,9.0369381236,13.3,8.9,11.69,0,12.08993056,0.57,11.20736846,Y
2022,141,Spring,2.184739128,-8.314764825,10.4994787554,18.3,10,20.24,0,16.728125,0.05,11.70550182,Y
2022,142,Spring,1.8025545600000001,-9.8134092,11.6158624854,23.9,11.1,21.94,0,21.16472222,0.05,14.0610176,N
2022,143,Spring,-5.873014900799999,-14.734721016,8.8616707888,20.6,11.7,26.78,0,17.01180556,0.05,16.62436955,N
2022,144,Spring,-1.504725984,-7.7064693412,6.2017361132,16.1,6.7,27.97,0,12.11527778,0.05,15.06164067,N
2022,145,Spring,1.1381771639,-4.565791152,5.7039433271,17.2,5.6,26.72,0,13.16215278,0.05,12.7404063,N
2022,146,Spring,-0.06262790420000003,-6.4211832432,6.3584510789,17.2,10,23.57,0,16.00034722,0.05,13.2987025,N
2022,147,Spring,1.2539643693999998,-6.9159305434,8.1698805433,23.9,13.3,16.4,0,21.78263889,0.05,14.04175847,N
2022,148,Spring,0.08169543320000004,-7.388790192,7.4705301356,24.4,13.3,12.47,1.016,19.021875,-0.42,16.91224823,N
2022,149,Spring,0.13477752,-6.9190190932,7.053835384,24.4,10.6,28.2,0,17.40625,-0.42,16.21715698,N
2022,150,Spring,-3.411586253,-12.53460096,9.1230108231,27.8,11.7,26.35,0,20.87673611,-0.42,17.22768173,N
2022,151,Spring,-1.4142148992,-9.8019516528,8.3877177294,22.2,10,15.56,0,15.18229167,-0.42,19.53144734,N
2022,152,Spring,-4.5065077834,-12.4874181362,7.980990224,15,10,5.73,0,11.36944445,-0.42,15.0958229,N
2022,153,Spring,-3.1267420414,-12.9354560924,9.8087106606,17.8,10.6,8.83,1.778,12.97673611,-0.42,14.01521835,N
2022,154,Spring,0.6973827840000001,-9.1206649554,9.8180496054,12.8,10,5.04,3.048,12.49756944,-0.42,13.5170812,N
2022,155,Spring,-4.361176598,-14.8053807506,10.4441688802,15.6,11.1,21.2,0.508,13.90659722,-0.71,12.66802368,N
2022,156,Spring,-6.512392224,-17.244872914,10.732518648,21.7,9.4,26.14,0.254,14.71840278,-0.71,13.62522024,N
2022,157,Spring,-3.7749280179999998,-15.140620828,11.3658278961,24.4,7.2,26.72,0,16.28194444,-0.71,14.25404765,N
2022,158,Spring,-7.451081006,-20.1349507634,12.6839947312,22.8,11.7,24.28,0,19.33958333,-0.71,15.84800365,N
2022,159,Spring,-1.2201368256,-13.572909817,12.352742792799999,25.6,13.9,19.1,16.764,19.00694445,-0.71,16.92222239,N
2022,160,Spring,-0.3445553371999998,-11.2135238784,10.8689648666,20.6,12.8,13.6,11.684,16.45034722,-0.71,16.33066458,N
2022,161,Spring,-1.2261745008,-12.2947245792,11.0684734188,23.9,11.1,25.16,0,17.16215278,-0.71,14.68669535,N
2022,162,Spring,-2.05391376,-13.0289488848,10.9750160972,23.3,10.6,24.75,0,17.353125,-0.71,16.60040436,N
2022,163,Spring,-2.332356768,-14.0331030336,11.7007147144,23.9,11.7,22.11,0,19.38958333,-0.71,16.95794194,N
2022,164,Spring,0.3518103459999999,-12.1228835332,12.4746977156,23.9,15,23.81,4.826,21.28055556,-0.71,17.69197871,N
2022,165,Spring,3.170609568,-8.3535223538,11.524086991599999,25.6,12.2,26.75,0,19.82569445,-0.71,17.43566793,N
2022,166,Spring,3.282289646,-7.130460586,10.4126978917,25,12.8,24.43,0,17.62291667,-0.71,18.39634094,Y
2022,167,Spring,3.233611886,-7.1837432928,10.4173545649,20.6,10.6,17.76,0,18.30034722,-0.71,18.18896001,Y
2022,168,Spring,5.5264977956,-6.6265664544,12.1530929041,28.9,16.1,22.85,7.366,22.54791667,-0.71,17.4014717,Y
2022,169,Spring,2.3407019709999997,-6.481057549,8.8218162734,18.9,12.8,20.7,0,15.19166667,-1.14,19.438192,Y
2022,170,Spring,5.1934071196,-2.3109929858,7.5043826173,13.3,10,8.63,3.048,12.37430556,-1.14,15.46543529,Y
2022,171,Spring,3.624036293,-4.9388942808000005,8.5629428368,23.9,7.2,29.32,0,15.25,-1.14,12.57786204,Y
2022,172,Summer,5.252303089,-2.7022167644,7.9545472556,18.9,7.8,27.96,0,14.24375,-1.14,15.44041723,N
2022,173,Summer,4.416899803400001,-3.902292288,8.3192165779,17.8,11.7,23.58,0,15.8,-1.14,15.55032247,N
2022,174,Summer,4.1467938336,-4.8269924352,8.9737771749,21.7,13.3,25.12,0,17.88125,-1.14,15.2149203,N
2022,175,Summer,4.7427397081,-4.623326554,9.3660870784,23.9,13.3,24.04,0,19.36284722,-1.14,15.68541489,N
2022,176,Summer,3.510562681,-6.886577232,10.3971075403,30,15,27.24,0,22.53368056,-0.79,18.18916473,N
2022,177,Summer,3.5072450492,-7.4508574468,10.9581259834,30,17.8,27.57,0,24.70694445,-0.79,21.32294871,N
2022,178,Summer,5.5568497392000005,-4.2115842432,9.768397307,23.3,17.2,9.47,5.588,22.03715278,-0.79,21.54163005,N
2022,179,Summer,4.4652019822,-4.066842945,8.5320181863,24.4,13.3,23.74,0,19.10972222,-0.79,19.71425782,N
2022,180,Summer,2.7972216000000003,-5.7618364131,8.5590978304,25.6,12.2,23.67,0,19.86493056,-0.79,19.08778025,N
2022,181,Summer,3.2192293970000003,-4.930481664,8.1497410141,26.1,13.9,28.04,0.508,19.15173611,-0.79,19.5310023,N
2022,182,Summer,-0.17417299059999988,-10.3664772,10.1924331738,28.3,14.4,24.51,0,24.64826389,-0.79,19.90935923,N
2022,183,Summer,3.2752399242,-7.7053253746,10.9805523328,30.6,17.8,16.62,0.254,24.21875,-1.29,21.98764826,N
2022,184,Summer,3.4085298956,-7.3188866736,10.7273995169,29.4,16.1,27.94,0,21.37118056,-1.29,20.3308871,N
2022,185,Summer,4.18336825,-6.6146092992000005,10.7979800683,27.8,12.2,26.56,0,19.68611111,-1.29,21.12429072,N
2022,186,Summer,1.940299402,-9.2077007118,11.1480148304,26.1,13.9,10.48,0.254,18.99305556,-1.29,20.74980061,N
2022,187,Summer,3.2701048097,-9.8052887234,13.0753712319,26.1,15.6,22.14,9.144,21.26423611,-1.29,19.52002615,N
2022,188,Summer,2.25287905,-11.2096452102,13.462501382,24.4,12.2,20.15,0,20.54027778,-1.29,20.20858537,N
2022,189,Summer,1.091724739,-14.3736748034,15.4652984904,25.6,16.7,26.41,0,22.65868056,-1.29,19.96544799,N
2022,190,Summer,3.2269116962,-11.1959217372,14.4228707956,25,15,27.14,0,19.34027778,-1.57,20.70460917,N
2022,191,Summer,0.5738921279999999,-11.4202340648,11.9941210597,25.6,11.1,27.19,0,17.72534722,-1.57,20.07393292,N
2022,192,Summer,5.1873532706,-5.9825122562,11.1697158775,27.2,12.2,25.41,0,21.7625,-1.57,20.10075785,N
2022,193,Summer,9.044749656,-0.08279184959999998,9.1275033451,26.1,17.2,20.06,1.27,23.56145833,-1.57,21.29307963,N
2022,194,Summer,5.1898684174,-1.3925116550000003,6.582355085,28.3,17.2,27.03,0.508,22.63333333,-1.57,22.07890854,N
2022,195,Summer,3.5526299456,-2.3990865124000003,5.9517073325,27.8,16.7,20.52,0.254,21.44930556,-1.57,22.27492676,N
2022,196,Summer,4.1909339088,-1.3198158144,5.5107051395,27.8,13.9,27.08,0,20.54305556,-1.57,20.17347362,N
2022,197,Summer,2.9723277888,-2.3631695564,5.3355396201,27.2,14.4,17.59,0,20.91805556,-1.63,21.15580138,N
2022,198,Summer,3.809148638,-2.5138128384000002,6.3229512513,29.4,16.7,24.41,0,23.33923611,-1.63,21.36670075,N
2022,199,Summer,3.7893175059999997,-3.1909550832,6.9803381595,26.1,16.7,8.39,6.604,22.98506945,-1.63,22.27836888,N
2022,200,Summer,8.088151968,-0.6168111770000001,8.7049243074,32.8,20,25.76,9.652,26.20590278,-1.63,21.6122401,N
2022,201,Summer,5.127968346,-4.6125173695,9.740452206,31.7,19.4,24.64,3.81,26.70729167,-1.63,23.41212616,N
2022,202,Summer,6.900815476,-3.085382703,9.9862715816,29.4,18.9,20.35,8.382,25.38020833,-1.63,24.00215175,N
2022,203,Summer,5.6365879544,-4.369979419,10.0066243319,33.9,20,25.59,0,25.58715278,-1.63,23.80755004,N
2022,204,Summer,6.1385719108,-3.9802737096,10.1188273346,33.3,18.3,26.31,0,26.25104167,1.44,23.79491831,N
2022,205,Summer,4.3176897072,-6.3465499724,10.6641846525,31.7,18.3,25.02,0,28.35,1.44,24.60855255,N
2022,206,Summer,8.0753433418,-1.250803426,9.3261303508,28.9,20.6,6.73,8.89,23.86909722,1.44,25.44137725,N
2022,207,Summer,5.0698559664,-3.8614710754,8.9313020228,27.8,14.4,23.33,0,20.515625,1.44,23.23901392,N
2022,208,Summer,5.0965867438,-4.4241326496,9.5207213649,28.3,14.4,21.72,0,20.06145833,1.44,21.84839147,N
2022,209,Summer,4.343420491,-7.0390091487,11.3823024716,27.8,15.6,20.88,0,22.84722222,1.44,22.05472083,N
2022,210,Summer,6.8423827254,-5.129035214,11.971442344,31.7,19.4,24.02,20.066,24.24131944,1.44,22.81823374,N
2022,211,Summer,6.0996145394,-4.1077450944,10.2073795326,29.4,17.2,23.99,0.762,23.08125,-1.83,23.4997345,N
2022,212,Summer,4.114360915,-4.5155086782,8.6299310315,27.8,15,24.21,0,22.40069445,-1.83,23.31473059,N
2022,213,Summer,4.7985031144,-2.7434466716,7.5419152464,30,17.2,19.94,0,22.93680556,-1.83,23.06832021,N
2022,214,Summer,3.75407473,-2.9409201362,6.6950000522,30.6,16.1,20.83,0,24.09270833,-1.83,22.87334086,N
2022,215,Summer,3.883451039,-1.471856171,5.3553124052,27.2,20,23.19,0,22.61319444,-1.83,23.62707671,N
2022,216,Summer,1.665370757,-3.225492965,4.890877131,31.1,17.2,24.52,0,26.43368056,-1.83,23.38438695,N
2022,217,Summer,2.6364734056,-1.1588308416000002,3.795311748,30.6,22.8,17.71,0,26.81041667,-1.83,24.82632345,N
2022,218,Summer,5.0061335904,2.3312424668,2.6749221143,29.4,21.1,19.44,0,26.11423611,-2.02,24.89435222,N
2022,219,Summer,5.3483880106,2.0207176272,3.3276334345,35.6,23.3,16.92,0.254,25.98298611,-2.02,25.41637827,N
2022,220,Summer,3.1077534385999996,-1.5343801492,4.6421208461,35,17.8,21.61,0,27.034375,-2.02,27.00288925,N
2022,221,Summer,5.4174812683999995,0.031786344200000025,5.3856895984,32.8,17.8,13.9,8.382,24.86111111,-2.02,25.14402542,N
2022,222,Summer,2.6429850292,-2.1229339248,4.7659229621,21.7,16.7,12.68,0,19.56493056,-2.02,23.15032348,N
2022,223,Summer,1.9080475864,-3.0256868952000002,4.9337140152,24.4,16.1,15.65,0,20.72673611,-2.02,20.15707678,N
2022,224,Summer,3.6495991154,-1.09664267,4.7462336596,26.7,15.6,24.61,1.778,19.94305556,-2.02,20.60309753,N
2022,225,Summer,2.0205138959999998,-2.3554250496,4.3759498588,24.4,15,16.71,0,18.26111111,-2.06,21.08876698,N
2022,226,Summer,3.4183595373999998,-1.7049021134,5.1232368418,26.7,13.9,22.11,0,19.546875,-2.06,20.39470825,N
2022,227,Summer,3.002805043,-3.0319144992,6.0347086444,27.2,12.8,23.86,0,19.89861111,-2.06,21.10743611,N
2022,228,Summer,1.7277583822,-5.1021780770000005,6.8299215179,26.7,14.4,23.21,0,19.82118056,-2.06,20.87299118,N
2022,229,Summer,2.2751965588000003,-4.9089425324,7.1841322525999995,20,15,6.86,9.144,18.29444444,-2.06,21.49334488,N
2022,230,Summer,4.2493402228,-4.3134994552,8.5628700378,22.8,15,11.56,9.398,19.31631944,-2.06,17.97233988,N
2022,231,Summer,4.5729886174,-6.5364543582,11.1094218386,32.2,15.6,23.33,0,22.79652778,-2.06,17.78387985,N
2022,232,Summer,4.6852630532,-7.3935349918,12.0788027189,30.6,15,22.14,0,22.31979167,-2.14,20.69864554,N
2022,233,Summer,1.5987588194,-11.03414085,12.6329270065,28.9,16.7,20.76,0,22.89270833,-2.14,21.2062622,N
2022,234,Summer,2.9220042388,-8.0739771842,10.9959162509,22.2,16.1,4.19,2.794,19.40659722,-2.14,21.03080265,N
2022,235,Summer,4.7209585108,-7.3357749012,12.0566843336,26.7,18.9,14.73,5.842,21.585625,-2.14,20.17646942,N
2022,236,Summer,6.483685565,-5.6876411656000005,12.1713131762,26.1,18.9,13.43,0,21.65590278,-2.14,20.187986,N
2022,237,Summer,6.358730688,-6.038680248,12.3974497731,28.9,17.2,19.52,0,22.01805556,-2.14,20.69171675,N
2022,238,Summer,5.139132545,-6.4568342592,11.5959580094,26.1,17.2,14.44,12.7,20.27465278,-2.14,21.45751979,N
2022,239,Summer,4.252540046,-6.93293269,11.1855158928,23.3,17.2,16.21,0.254,19.63333333,-1.78,20.61182048,N
2022,240,Summer,5.753279276,-4.633060628,10.3863422244,23.9,15.6,18.03,0,18.97534722,-1.78,19.42409414,N
2022,241,Summer,4.9746703388,-6.6698597232,11.6445712481,27.2,16.1,20.04,0,23.26111111,-1.78,19.56721395,N
2022,242,Summer,4.606689024,-7.8266949698,12.4333643064,27.8,20,20.38,0,26.46944444,-1.78,21.66882732,N
2022,243,Summer,5.7507660718,-4.8754116436,10.626143878,27.2,15,18.49,13.208,20.921875,-1.78,22.74647928,N
2022,244,Summer,5.8085755776,-4.2248162736,10.0333887093,23.3,11.7,20.54,0,17.30833333,-1.78,21.10303522,N
2022,245,Summer,4.6611991728,-4.2192704308,8.8805748473,20.6,7.8,22.03,0,14.221875,-1.78,18.9316765,Y
2022,246,Summer,3.56541264,-5.903082749,9.468533367,21.7,10,20,0,15.81302326,-1.47,18.27351532,Y
2022,247,Summer,8.8999714222,-1.4723439208,10.3723233409,26.7,12.2,18.93,0,19.79618056,-1.47,18.75471776,Y
2022,248,Summer,8.4248613994,-0.06656986899999998,8.4914127775,19.4,14.4,2.24,13.97,16.18923611,-1.47,20.05327631,Y
2022,249,Summer,8.9319635978,1.2521304,7.679825149,16.1,14.4,1.53,10.668,15.54930556,-1.47,16.44244028,Y
2022,250,Summer,5.2144386338,-2.4119009719999998,7.6263540567,21.1,12.8,11.52,0,16.83020833,-1.47,16.17301077,Y
2022,251,Summer,4.1842928162,-2.295262526,6.4795603072,21.1,9.4,20.39,0,14.86111111,-1.47,16.91409582,N
2022,252,Summer,1.1687751792,-5.4385310952,6.607341352,25.6,10,19.88,0,17.16597222,-1.47,16.93430736,N
2022,253,Summer,1.5655105870000001,-5.07167905,6.6371578564,27.2,16.1,18.8,0,19.38125,-0.85,18.9021965,N
2022,254,Summer,1.0326990674,-5.136595431,6.1692971297,27.2,17.2,9.05,0,20.08055556,-0.85,20.79576009,N
2022,255,Summer,1.2276943202,-4.762278231,5.9899543661,26.1,16.7,18.58,0,20.69652778,-0.85,21.1923818,N
2022,256,Summer,1.8366632068,-3.561520363,5.3981412838,21.7,17.2,6.6,0,19.46076389,-0.85,21.01900381,N
2022,257,Summer,2.39815728,-2.7150335562,5.1131731035,26.1,15.6,18.56,0.762,19.18229167,-0.85,19.58567708,N
2022,258,Summer,-0.060998443000000006,-4.0605887092,3.9996310509,19.4,7.8,20.82,0,14.65833333,-0.85,19.63581491,N
2022,259,Summer,-0.5672234304,-4.1992617678,3.6320444802,20,6.7,16.83,0,13.02743056,-0.85,16.19337361,N
2022,260,Summer,-0.922459104,-4.6079840896,3.6855210779,20,5.6,20,0,11.72361111,-1.48,15.61895141,N
2022,261,Summer,1.0602801506,-4.470069759,5.530379687,25,11.7,12.74,0,18.27395833,-1.48,16.36221721,N
2022,262,Summer,1.9463930642,-3.0115103918,4.9578963131,14.4,11.1,3.76,19.812,13.72708333,-1.48,16.97458801,N
2022,263,Summer,1.7686025995999999,-3.6928698336,5.4614652021,15,11.1,5.43,34.036,13.78645833,-1.48,14.6284055,N
2022,264,Summer,-0.691064784,-6.8771597184,6.1860875356,19.4,8.9,11.16,0.254,14.51388889,-1.48,13.93578363,N
2022,265,Fall,4.162967875,-2.7105274814,6.8734847966,18.9,10,2.12,30.734,15.090625,-1.48,15.76545233,Y
2022,266,Fall,0.29501638519999995,-5.1272596774,5.4222506009,15,7.8,18.26,0,10.05763889,-1.48,15.03601863,Y
2022,267,Fall,-0.05044641120000005,-5.5247925183,5.474348175,18.9,7.2,19.05,0,11.53888889,-1.17,12.95840353,N
2022,268,Fall,-1.6521729412,-6.8569603919999995,5.2048381701,18.3,3.9,10.41,0.254,12.26006945,-1.17,13.68390935,N
2022,269,Fall,-1.1897202239999998,-6.9886559337000005,5.7989439207,22.2,13.9,13.2,8.382,16.28819444,-1.17,15.08383076,N
2022,270,Fall,-0.19168656499999975,-5.6067128997,5.415090623,21.1,8.9,15.28,0,13.99291667,-1.17,16.26641999,N
2022,271,Fall,-0.895184784,-6.7119706901,5.8167815091,20,8.3,16.42,0,13.22743056,-1.17,15.91809871,N
2022,272,Fall,-1.301301936,-7.0872917717,5.7859573979,17.8,6.7,15.58,0,11.01145833,-1.17,15.421565,N
2022,273,Fall,-2.544396624,-7.2327453124,4.6883270708,15.6,2.2,15.07,0,8.490277778,-1.17,13.49789073,N
2022,274,Fall,0.049568112000000046,-3.8897430259,3.9393260867,16.1,5,4.87,0,8.867361111,0.43,13.10151953,N
2022,275,Fall,-2.2012106399999998,-5.5048823424,3.3036786151,13.3,3.9,10.74,0,9.130208334,0.43,12.93994292,N
2022,276,Fall,-1.6662995999999999,-3.895803216,2.2295223757000002,13.3,2.8,14.35,0,7.678819444,0.43,11.41264114,N
2022,277,Fall,-2.360704176,-4.1166601618000005,1.7560179874,14.4,4.4,12.99,0,10.67708333,0.43,10.97760925,N
2022,278,Fall,1.307701584,-0.024887087999999974,1.3325914052,14.4,9.4,2.38,2.032,13.234375,0.43,12.31643957,N
2022,279,Fall,-2.3214594814,-4.4532088243,2.1317465629,23.3,10.6,15.84,1.27,15.39756944,0.43,13.51649755,N
2022,280,Fall,-3.859874208,-6.8657743325,3.0058831225,21.7,9.4,14.56,0,15.625,0.43,15.20323079,N
2022,281,Fall,-2.366827776,-4.9998783038,2.6330054661,14.4,1.7,16.35,0,8.512152778,-0.3,14.91822078,N
2022,282,Fall,-3.299208278,-5.8137407856,2.5145195527,15,0,12.53,0,7.669444445,-0.3,11.51973877,N
2022,283,Fall,-1.714814064,-3.3662160144,1.6514152939,10.6,2.8,4.08,0.254,6.601736111,-0.3,11.2801262,N
2022,284,Fall,-3.901211424,-5.004946584,1.1037719717,15,1.7,14.76,0,7.232986111,-0.3,9.839854188,N
2022,285,Fall,-5.107712645,-6.525224957,1.4175461608,18.9,2.2,14.45,0,11.38506944,-0.3,11.1572815,N
2022,286,Fall,-1.7409818592000001,-3.3887768728,1.6478093685,17.2,8.9,3.01,0.508,13.65243056,-0.3,13.42020442,N
2022,287,Fall,-1.6944288912,-3.64914072,1.9547157909,17.8,12.2,4.2,63.5,16.05666667,-0.3,14.5471372,N
2022,288,Fall,-5.0359596048,-6.7485772594,1.7126150733,18.9,7.2,14.51,0,12.05138889,0.84,14.93504614,N
2022,289,Fall,-4.609929672,-6.2392150829,1.6292991719,15,5,13.16,0,10.23333333,0.84,14.21048508,N
2022,290,Fall,-1.3094671248,-2.9347401398,1.6252687039,15,6.7,2.29,0.762,9.514930555,0.84,13.21373138,N
2022,291,Fall,-2.263926024,-4.3690623692,2.1051586576,17.2,10.6,6.87,32.004,13.30486111,0.84,13.13798422,N
2022,292,Fall,-4.828880448,-6.3751114541,1.5462345051,14.4,4.4,14.08,0,6.955555556,0.84,13.22654623,N
2022,293,Fall,-3.6944911296000003,-5.2243662524,1.5298823898,13.3,2.8,14.08,0,5.999652778,0.84,11.32076416,N
2022,294,Fall,-0.20036807960000014,-1.9870517323399999,1.7867136152,15,0.6,13.8,0,6.407638889,0.84,10.62126567,Y
2022,295,Fall,-2.1872830464,-4.6192518906,2.4319878334,16.7,2.2,13.5,0,8.549305556,1.05,11.20222753,Y
2022,296,Fall,-2.4921656208,-5.441573765,2.949419689,16.1,3.9,5.91,0.508,9.740277778,1.05,12.07571817,Y
2022,297,Fall,-0.1853133548,-3.928935586,3.7436136499,14.4,10.6,2.09,12.7,13.39895833,1.05,12.6908343,Y
2022,298,Fall,-1.9002498911999999,-5.1620820499999995,3.2618295909,16.1,13.9,3.69,5.588,15.81979167,1.05,12.9423818,N
2022,299,Fall,0.3746885048,-1.8495931781,2.2242755,16.7,13.9,1.75,21.59,15.95902778,1.05,14.52867788,N
2022,300,Fall,-1.459474718,-2.5062969456,1.0468300187,19.4,5.6,12.7,0,12.525,1.05,15.04404602,N
2022,301,Fall,-1.1901431606000001,-1.3007882534000001,0.1106895328,11.1,0.6,11.85,0,3.696180556,1.05,12.73685607,N
2022,302,Fall,-1.7624411694,-1.8373228058,0.0749105078,14.4,-1.1,12.78,0,4.648263889,1.16,8.130813854,N
2022,303,Fall,-2.9435242006,-3.0351189806,0.0915903897,16.1,-1.1,12.49,0,6.528819445,1.16,9.393006896,N
2022,304,Fall,-2.791490569,-2.9087397069,0.1172501671,16.7,2.8,10.44,0,10.07553192,1.16,10.57926075,N
2022,305,Fall,-1.9850117884,-2.1253876742872,0.14038165959999999,16.1,8.3,3.45,0,12.58402778,1.16,12.06723048,N
2022,306,Fall,-2.9233499902,-3.0642204397560002,0.1408732042,18.3,2.2,11.94,0,11.20833333,1.16,12.7571579,N
2022,307,Fall,-3.2862299804,-3.4071732944,0.1209437436,14.4,-0.6,11.55,0,7.468055555,1.16,11.70421499,N
2022,308,Fall,-4.054600025,-4.2161514780000005,0.1615622354,20.6,7.8,11.06,0,11.93506944,1.16,11.33977406,N
2022,309,Fall,-3.0984462274,-3.3182247962,0.219773224,23.9,12.8,9.2,0,17.58229167,0.01,13.27801413,N
2022,310,Fall,-2.2968754228,-2.5589046565,0.2620294856,20.6,15,6.83,0,20.85173611,0.01,15.7580073,N
2022,311,Fall,-2.6103715504,-2.8598429709,0.249465211,22.2,8.3,9.94,0,18.35381945,0.01,16.80284653,N
2022,312,Fall,-3.0380324992,-3.1838346230672,0.1457950737,9.4,1.7,11.21,0,6.872222222,0.01,15.00600967,N
2022,313,Fall,-2.9360113792,-3.0456418381,0.1096183301,8.9,-3.3,10.91,0,2.039236111,0.01,8.804877213,N
2022,314,Fall,-3.428588439,-3.6186201559,0.1900183562,20,2.8,10.4,0,9.894097222,0.01,7.806640875,N
2022,315,Fall,-3.952236761,-4.196558678,0.24431676830000001,20.6,11.1,5.41,0.762,14.50381944,0.01,11.25431468,N
2022,316,Fall,-2.7888700594,-3.0964036678,0.3075381172,22.8,11.1,6.9,33.02,18.72256944,0.08,13.98366573,N
2022,317,Fall,0.025570913600000002,-0.1691917292,0.194764679,12.8,1.7,0.56,17.526,8.614930555,0.08,14.70617828,N
2022,318,Fall,-2.7636816112,-2.8799811586,0.1162968763,4.4,-3.3,10.33,1.524,0.640277778,0.08,9.03212255,N
2022,319,Fall,-2.656273278,-2.7699808762,0.11370037250000001,5,-5.6,9.02,0,-0.086805556,0.08,5.073059346,N
2022,320,Fall,-0.2509896804,-0.410617411084,0.1596282902,8.3,0,1.48,22.352,4.090972222,0.08,4.738055154,N
2022,321,Fall,-2.3302867581999998,-2.46172416693,0.13143217969999998,5.6,-1.7,5.81,0,1.055555556,0.08,5.039276379,N
2022,322,Fall,-3.350629803,-3.471326928,0.1207091884,5,-2.8,6.83,0,-0.456944444,0.08,3.714924108,N
2022,323,Fall,-2.3436026914,-2.4609335273,0.11733145760000001,5,-5,9.49,0,-1.210069444,1.02,3.648844663,N
2022,324,Fall,-2.6223414194,-2.7347661629999998,0.11242242969999999,3.3,-4.4,9.28,0,-1.852083333,1.02,3.732757833,N
2022,325,Fall,-2.2694945322,-2.387903884,0.1183958481,1.1,-7.8,9.1,0,-1.598611111,1.02,1.939600875,N
2022,326,Fall,-2.311778835,-2.4716163295999998,0.1598389224,7.2,-3.9,9.27,0,1.626041667,1.02,1.089687596,N
2022,327,Fall,-1.417340616,-1.5838051846,0.1664652294,8.3,-2.2,7.2,0,1.778125,1.02,3.585407508,N
2022,328,Fall,-1.583476257,-1.7221736619999999,0.1387024095,5,-5.6,8.66,0,-0.865625,1.02,3.413830063,N
2022,329,Fall,-0.403691557,-0.595832497,0.1921417057,8.3,-2.8,1.05,1.778,3.146180556,1.02,3.061199433,N
2022,330,Fall,-0.5542407106,-0.763850208,0.209608728,9.4,-1.7,8.61,0,3.958680556,0.33,4.523327129,N
2022,331,Fall,-0.1959279088,-0.4286141308,0.2326867495,13.9,-2.8,5.16,2.286,5.196180556,0.33,4.522643025,N
2022,332,Fall,-0.5425290343,-0.793414171,0.2508821192,9.4,-0.6,8.23,22.098,6.035763889,0.33,6.705814613,N
2022,333,Fall,-0.402382339,-0.572100342,0.1697172812,2.8,-4.4,4.62,0,0.404513889,0.33,5.298630004,N
2022,334,Fall,-0.309804,-0.580446518,0.27063874990000003,12.2,2.8,0.44,14.224,6.498958334,0.33,3.353737129,N
2022,335,Fall,-0.3651455138,-0.5641153614,0.1989684001,6.1,-2.8,5.83,11.938,1.771527778,0.33,6.617149608,N
2022,336,Fall,-0.2143359943,-0.3894199398,0.1750831371,4.4,-5,8.41,0,-0.055531915,0.33,3.500959017,N
2022,337,Fall,-0.038465929,-0.345389897,0.3069239258,12.2,1.1,0.36,6.858,7.543055556,0.61,3.717207846,N
2022,338,Fall,-0.2139976601,-0.41537661800000003,0.2013788239,5,-5,6.05,0,1.005555556,0.61,7.169362629,N
2022,339,Fall,-0.1814668313,-0.361120901,0.1796530686,7.2,-6.7,7.7,0,-0.805555556,0.61,3.062324771,N
2022,340,Fall,-0.342290033,-0.624453742,0.2821628401,10.6,-1.1,3.3,0,5.294097222,0.61,4.5601822,N
2022,341,Fall,-0.267619589,-0.645549913,0.3779277174,11.1,7.8,0.32,29.718,9.982638889,0.61,6.99216995,N
2022,342,Fall,-0.3594472327,-0.6577391846,0.2982922473,8.9,1.1,7.91,2.032,5.339583333,0.61,8.388082125,N
2022,343,Fall,-0.2469175508,-0.4595093044,0.2125920686,6.1,-2.2,8.42,0,0.529166667,0.61,5.744031533,N
2022,344,Fall,-0.15958785,-0.341211772,0.1816244672,-0.6,-6.7,3.94,0,-1.372916667,1.11,2.853178913,N
2022,345,Fall,-0.1551706141,-0.279760728,0.1245893775,-3.9,-8.9,3.03,0,-5.417708333,1.11,0.400072988,N
2022,346,Fall,-0.1630241532,-0.305183661,0.142156769,0,-6.7,7.88,1.016,-4.384722222,1.11,-0.657511133,N
2022,347,Fall,-0.3264868203,-0.511331994,0.18484428790000001,3.3,-6.7,7.93,0,-1.798958333,1.11,-0.8719747,N
2022,348,Fall,-0.19280047420000002,-0.3734860716,0.180682918,3.9,-7.2,7.57,0,-2.248263889,1.11,-0.743102771,N
2022,349,Fall,-0.424561862,-0.70376999,0.2792094227,5.6,1.1,4.5,0,3.047569445,1.11,-0.207882946,N
2022,350,Fall,-0.127493742,-0.36813567,0.2406409246,1.1,0,0.79,8.382,0.833680556,1.11,2.053211475,N
2022,351,Fall,-0.1680435608,-0.426557922,0.2585136797,2.2,0.6,3.59,26.924,1.564583333,0.46,2.374986271,N
2022,352,Fall,-0.0608160206,-0.2914378694,0.2306219726,2.8,-4.4,6.8,0,-0.183680556,0.46,1.779238633,N
2022,353,Fall,-0.17716826989999998,-0.405898568,0.2287304954,3.3,-6.1,7.4,0,-0.314680851,0.46,1.501398979,N
2022,354,Fall,-0.3630916909,-0.5884383426,0.2253490943,2.8,-3.3,7.73,0,-0.878472222,0.46,1.126035313,N
2022,355,Winter,-0.2786861742,-0.4551206477,0.176431713,1.7,-5.6,7.72,0,-3.796180556,0.46,0.960027313,N
2022,356,Winter,0.025515639999999996,-0.1973721815,0.2228875508,5.6,-7.2,3.86,0,-1.256597222,0.46,0.516411079,N
2022,357,Winter,0.05962478770000001,-0.3575278828,0.417151728,12.2,-4.4,0.26,40.132,6.571180556,0.46,1.235612488,N
2022,358,Winter,-0.17401471329999998,-0.263203291,0.0891873022,-4.4,-10.6,7.62,0.254,-10.01527778,0.63,4.053951517,N
2022,359,Winter,-0.1053184949,-0.2246438572,0.1193249751,-4.4,-11.1,5.19,0,-7.838541666,0.63,-1.091416425,N
2022,360,Winter,-0.1126919728,-0.2835593426,0.170866935,-0.6,-7.8,7.36,0,-4.731597222,0.63,-1.872309113,N
2022,361,Winter,-0.0698341878,-0.2674384739,0.1976041477,0.6,-7.8,6.52,0,-3.459722222,0.63,-1.466685992,N
2022,362,Winter,0.16093131779999997,-0.025968301200000005,0.1868981582,0,-7.2,1.76,0,-4.169097222,0.63,-1.177482358,N
2022,363,Winter,0.4914385346,0.2496248012,0.2418111118,6.1,-4.4,6.97,0,-1.627083333,0.63,-0.947789258,N
2022,364,Winter,-0.0011753763000000032,-0.4017347925,0.4005596566,9.4,-4.4,4.99,0,4.8125,0.63,-0.409684238,N
2022,365,Winter,7.811708999999964e-4,-0.4938367727,0.49461727369999997,10.6,0,1.69,0,8.163194444,1.16,1.724741875,N
2022,366,NA,NA,NA,NA,NA,NA,NA,NA,NA,1.16,4.592258717,N
2024,1,Winter,0.5785095166,0.054220513399999996,0.52428979,-1.1,-6.1,5.6,0,-2.538888889,NA,0.3890625,N
2024,2,Winter,0.4623240242,0.1279902378,0.3343352087,1.7,-8.3,6.98,0,-3.649652778,NA,-0.284839379,N
2024,3,Winter,0.2045803408,-0.037842602799999986,0.2424149843,5,-7.2,4.58,0,-1.046875,NA,-0.521884658,N
2024,4,Winter,0.09733899459999999,-0.0532926208,0.15062853439999999,6.1,-7.2,4.36,0,-0.496180555,NA,0.074411017,N
2024,5,Winter,0.6077601069999999,0.4972863175,0.1104752765,-1.1,-9.4,7.22,0,-5.201736111,NA,0.291019704,N
2024,6,Winter,0.7538349892,0.5706335563,0.1832068213,-1.1,-6.1,1.81,0,-1.374305556,2.39,-0.97122675,N
2024,7,Winter,1.8503380798,1.7070135308,0.14331426519999999,-5,-7.2,1.94,21.082,-5.245138889,2.39,-1.170019533,N
2024,8,Winter,-0.48922709789999996,-0.6664179736,0.1772006387,0.6,-11.1,7.35,0.254,-4.709722222,2.39,-1.441205092,N
2024,9,Winter,0.4410406058,0.22693885860000002,0.2141014176,3.3,-13.9,3.79,0,-4.046527778,2.39,-1.191202546,N
2024,10,Winter,-0.304487554,-0.8471364123,0.5426515616,11.1,3.3,4.58,57.15,7.480902778,2.39,-1.053386433,N
2024,11,Winter,-0.0541921487,-0.4821146012,0.4279227509,5.6,-1.1,2.54,0,2.546527778,2.39,0.652553808,N
2024,12,Winter,0.29421818,-0.1098708346,0.4040949685,6.7,-3.9,7.25,0,0.841319445,2.39,0.644569667,N
2024,13,Winter,2.0219269122,1.3855602307,0.6363786914,10,2.8,0.58,57.404,6.201388889,3.32,0.405234263,N
2024,14,Winter,-0.179437034,-0.6283629675,0.4489219986,3.9,-3.3,6.32,0,0.315625,3.32,2.396234125,N
2024,15,Winter,-0.0010591019000000131,-0.3019927064146,0.3009322148,-0.6,-7.2,7.93,0,-4.695833333,3.32,0.838020592,N
2024,16,Winter,1.213921741,0.91570696,0.298202065,-2.8,-5.6,1.34,8.89,-4.770138889,3.32,-0.393406929,N
2024,17,Winter,-0.977285901,-1.2088604276000001,0.2315714843,-3.3,-10.6,8.18,1.27,-6.759722222,3.32,-0.860491183,N
2024,18,Winter,-0.8169671694,-1.0122645164,0.1952871521,-2.2,-10.6,5.55,0,-7.895833333,3.32,-1.800035854,N
2024,19,Winter,-0.5393378396,-0.7220061496,0.1826681351,-3.3,-12.2,4.81,0,-7.82106383,3.32,-2.340658575,N
2024,20,Winter,-0.7166532658,-0.824767505,0.10811701829999999,-7.8,-13.9,5.15,0.254,-10.28888889,3.53,-3.771117913,N
2024,21,Winter,-1.2406973476,-1.3549341357,0.1142413605,-3.3,-12.8,8.41,0,-7.730902778,3.53,-4.532239017,N
2024,22,Winter,-0.586565376,-0.7177839362,0.1312244946,2.8,-14.4,8.18,0,-2.841319444,3.53,-4.418685658,N
2024,23,Winter,0.56670169844,0.3616600875,0.2050388901,2.8,-2.8,3.28,0,1.43125,3.53,-2.209268954,N
2024,24,Winter,-0.055917060899999996,-0.360731362,0.3048212446,-1.1,-5.6,1.38,0,-1.201736111,3.53,-1.220559179,N
2024,25,Winter,0.1179116841,-0.4679138014,0.5858234357,5.6,-1.7,5.02,9.398,2.057638889,3.53,-1.198395796,N
2024,26,Winter,0.812614163,0.06970950739999998,0.7429040947,2.8,0,1.3,9.398,1.6875,3.53,-0.191355142,N
2024,27,Winter,0.6193385694,-0.12297872810000002,0.7423164079,2.8,0,4.69,0,1.454513889,3.4,-0.331541438,N
2024,28,Winter,0.2997399168,-0.3108402905469,0.6105815821,2.2,0,1.06,0.762,0.600694444,3.4,-0.456209554,N
2024,29,Winter,0.5778991012,0.068101823,0.5098030744,0.6,-1.7,3.88,11.684,0.067013889,3.4,-0.266868329,N
2024,30,Winter,-0.4532279044,-0.7573896315,0.3041672798,-1.7,-10.6,4.58,0,-4.006944444,3.4,-0.439319354,N
2024,31,Winter,0.5182098259,0.2395783675,0.2786215293,-1.1,-8.3,2.66,0,-2.601041667,3.4,-0.743891129,N
2024,32,Winter,0.07965516260000001,-0.1661821013,0.2458359227,2.2,-7.2,4.33,0,-1.460763889,3.4,-0.930794775,N
2024,33,Winter,0.1466831578,-0.1389929823,0.2856734593,4.4,-1.1,3.75,0,1.411458333,3.4,-0.759372454,N
2024,34,Winter,-0.1498393588,-0.389518962,0.2396739327,1.1,-5,9.76,0,-0.682291667,2.49,-0.4969607,N
2024,35,Winter,-0.690370389,-0.90876370032,0.218392125,3.3,-7.8,10.45,0,-1.807588653,2.49,-1.309111021,N
2024,36,Winter,-0.054861192499999996,-0.2817510735,0.2268849009,2.8,-5.6,10.89,0,-1.157638889,2.49,-1.772903175,N
2024,37,Winter,-0.1337588622,-0.365419162,0.2316590189,3.9,-3.9,10.4,0,-0.670833333,2.49,-1.752547971,N
2024,38,Winter,-0.5254390118,-0.7542252042,0.2287840334,5,-5.6,10.2,0,-0.725694444,2.49,-1.430637104,N
2024,39,Winter,-0.3746864311,-0.6092934002,0.2346114496,4.4,-4.4,9.2,0,-0.358333333,2.49,-1.11619415,N
2024,40,Winter,-0.9376400332,-1.1626532513,0.2250200768,4.4,-5.6,4.71,0,-0.676041667,2.49,-0.811067963,N
2024,41,Winter,-1.0644237087,-1.4326166461,0.3681955438,12.2,-2.2,10.46,0,6.019444445,2.08,-0.335113271,N
2024,42,Winter,-0.2304555009,-0.5708072324,0.3403460062,10.6,-1.7,7.95,0,5.310416667,2.08,1.354712425,N
2024,43,Winter,-0.1204246161,-0.3658919029,0.2454683591,6.1,-5,11.04,0,0.827777778,2.08,1.583182258,N
2024,44,Winter,0.11428156873,-0.0978053817,0.2120904429,2.2,-3.9,2.18,0,-0.540625,2.08,0.567288983,N
2024,45,Winter,0.260966514642,0.10407399830000001,0.1568894628,-1.7,-6.7,11.41,0,-3.653819444,2.08,0.074136358,N
2024,46,Winter,0.0160897118,-0.1663682994,0.1824546488,3.3,-7.2,11.02,0,-1.972916667,2.08,-0.869407388,N
2024,47,Winter,-0.3825348042,-0.5577333296,0.1752007801,0.6,-6.7,11.51,2.032,-2.266319444,2.08,-1.196298983,N
2024,48,Winter,-0.0324222651,-0.19066355570000001,0.1582489017,1.7,-7.8,5.61,1.016,-3.192708333,1.43,-0.951019021,N
2024,49,Winter,-0.6035131260000001,-0.7464415032,0.142926939,0.6,-10,7.31,0,-4.343055556,1.43,-1.173412067,N
2024,50,Winter,-0.225677016,-0.3810447228,0.1553712103,0,-8.3,12.87,0,-3.102777778,1.43,-1.516128279,N
2024,51,Winter,-0.4003754684,-0.5398694068,0.1394933996,1.1,-10.6,12.86,0,-4.311805555,1.43,-1.626380679,N
2024,52,Winter,-0.049721299200000006,-0.2026520459,0.1529305997,2.8,-8.9,9.25,0,-3.19375,1.43,-1.954058088,N
2024,53,Winter,-0.902635477,-1.0776340048,0.1749829429,2.2,-1.7,12.34,0,-1.400694444,1.43,-1.556906129,N
2024,54,Winter,-0.3089757435,-0.523322739,0.2143485467,3.9,0.6,2.96,4.572,1.53125,1.43,-0.851619467,N
2024,55,Winter,0.8554494238,0.6950015778,0.16045138379999999,1.1,-9.4,11.28,0,-2.202430556,0.6,-0.119417579,N
2024,56,Winter,-0.2196155069,-0.3315734501,0.1119578993,-0.6,-12.2,13.75,0,-5.737847222,0.6,-0.786370338,N
2024,57,Winter,-0.1379626739,-0.3639760924,0.2260096771,8.9,-3.3,11.29,0,2.480902778,0.6,-1.630097463,N
2024,58,Winter,-0.010247022199999995,-0.2337105589,0.2234629243,7.8,-5,12.9,0,2.740972222,0.6,-0.524763479,N
2024,59,Winter,-0.2399451206,-0.6171243985,0.37717701800000003,9.4,3.3,1.29,12.192,11.62013889,0.6,1.545295971,N
2024,60,Winter,0.6007517157,0.4599105084,0.1408390285,6.1,-8.3,12.97,3.81,-2.513541667,0.6,3.538678733,N
2024,61,Winter,1.2278391482,1.0834565451,0.1443795736,3.9,-10.6,14.65,0,-2.188541667,0.6,-0.564456692,N
2024,62,Winter,0.5881460709999999,0.3667425984,0.2214003286,6.7,-0.6,4.2,1.778,3.857638889,0.55,-0.969716129,N
2024,63,Winter,-0.1422709378,-0.442011517,0.2997410013,12.8,4.4,7.29,44.196,8.801736111,0.55,0.873178108,N
2024,64,Winter,0.08080002780000001,-0.1739234556,0.2547241166,9.4,2.2,6.73,0,6.378472222,0.55,3.683182008,N
2024,65,Winter,-0.6080828144,-0.8166837294,0.2085926931,4.4,2.8,2.49,7.62,3.832986111,0.55,3.380778238,N
2024,66,Winter,0.07050188320000002,-0.1708136207,0.2413122502,10.6,1.1,8.37,3.556,6.202430556,0.55,2.791202792,N
2024,67,Winter,0.009314521799999996,-0.2191038092,0.2284181955,6.1,2.8,3.71,38.1,5.719791667,0.55,4.646793617,N
2024,68,Winter,1.0446337332,0.8538312384,0.19079410559999999,8.9,-2.2,16.44,0,3.044444444,0.55,2.848524992,N
2024,69,Winter,0.2136081107,0.051511722600000004,0.1620926676,3.9,-3.3,4.74,0,1.501041667,2.26,2.961841833,N
2024,70,Winter,-0.2399889965,-0.4591891014,0.2191975978,10,2.2,9.28,46.736,6.051388889,2.26,1.849549867,N
2024,71,Winter,-0.1034403203,-0.26632279,0.1628832108,5,-0.6,10.09,0,2.138194445,2.26,3.878423317,N
2024,72,Winter,0.1677140529,-0.0297123289,0.197424448,8.9,-2.8,17.47,0,4.985763889,2.26,2.190365092,N
2024,73,Winter,0.2720907969,0.0945940197,0.17749552799999999,10,-2.8,15.71,0,3.682291666,2.26,2.701996104,N
2024,74,Winter,0.5341468926,0.3461028396,0.1880466,8.3,2.2,15.73,0.254,5.008333333,2.26,4.327204633,N
2024,75,Winter,1.1199636726,0.9472143858000001,0.1727422034,4.4,2.8,2.18,7.366,4.255555556,2.26,4.347646329,N
2024,76,Winter,-0.6849963139,-0.8654195208,0.1804282581,8.9,-0.6,12.43,0,5.046527778,2.35,2.782112371,N
2024,77,Winter,-0.0243679215,-0.2089863301,0.1846133988,12.8,1.7,9.09,5.588,5.761111112,2.35,4.695193217,N
2024,78,Winter,0.04337180659999999,-0.11587250700000001,0.1592422116,8.3,0,14.4,0.254,4.106597222,2.35,5.108131663,N
2024,79,Winter,0.1796756,0.0438322628,0.135841168,6.7,-0.6,16.95,0,2.248611111,2.35,4.290886183,N
2024,80,Spring,0.7365538377999999,0.58544376360000006,0.1511123065,7.2,-1.1,8.94,0,4.061111111,2.35,3.203652942,N
2024,81,Spring,0.6034267758,0.5043062592,0.0991262594,1.7,-4.4,18.28,1.27,-0.960763889,2.35,3.496476738,N
2024,82,Spring,0.1895726218,0.0911895416,0.0983810345,3.9,-6.1,17.24,0,-0.708333333,2.35,0.638356783,N
2024,83,Spring,-1.0891519695,-1.1852242198,0.0960701119,0,-3.3,1.69,29.718,-0.519444444,2.04,-0.002668754,N
2024,84,Spring,0.11559202810000001,0.02929285289999999,0.0863009948,3.9,-5.6,15.74,22.098,-1.519444444,2.04,0.08515955,N
2024,85,Spring,-0.16759846039999998,-0.26756127279999997,0.0999598035,3.3,-3.9,15.72,0,0.68125,2.04,0.269919329,N
2024,86,Spring,0.2008231694,0.09766422559999999,0.1031534651,2.2,-0.6,5.26,1.27,1.603125,2.04,0.370306904,N
2024,87,Spring,0.32254571779999996,0.18208230649999999,0.1404655355,10,1.7,11.68,1.016,6.403125,2.04,0.578537238,N
2024,88,Spring,1.697468918,1.5472713574,0.1501996182,8.9,5.6,2.47,23.622,8.085763889,2.04,2.990906013,N
2024,89,Spring,0.5583688996,0.4336585783,0.124711854,7.8,3.3,6.17,23.876,5.622916667,2.04,4.6639712,N
2024,90,Spring,0.2959075162,0.044386621999999994,0.2515073365,10,1.1,20.79,0,5.895138889,4.34,3.686825042,N
2024,91,Spring,0.6331915154,-0.202823818,0.8360159401,11.1,-0.6,19.25,0,6.272222222,4.34,4.069416304,N
2024,92,Spring,0.8922664518,-0.6432392415,1.5355148309,11.1,-2.8,14.95,0,4.761805556,4.34,4.175520825,N
2024,93,Spring,0.7681043359999999,-1.4789340802,2.2470448604,8.9,1.7,17.82,0,5.795486111,4.34,4.30892715,N
2024,94,Spring,2.4375641026,0.5646674969,1.8729016136,4.4,0.6,3.84,0.508,3.193402778,4.34,4.48472875,N
2024,95,Spring,1.8034033106,0.3005443442,1.5028628661,1.1,0,3.86,40.386,0.675,4.34,2.789637513,N
2024,96,Spring,0.833626547,-0.902665453,1.7362911272,5,1.1,11,1.778,2.820138889,4.34,1.886816921,N
2024,97,Spring,0.9517124158,-0.788510908217,1.7402082677,5,1.1,9.1,1.524,3.184722222,4.67,2.007098133,N
2024,98,Spring,1.3644236158,-0.4915198724,1.8559554272,10,2.8,12.73,0.254,4.215277778,4.67,1.913358308,N
2024,99,Spring,0.20230352759999998,-2.2346107019,2.4369612736,17.8,1.1,19.55,0,8.6,4.67,3.706586458,N
2024,100,Spring,0.5635100011999999,-1.5552294714,2.1187723301,13.9,1.7,22.03,0,6.834375,4.67,7.264109546,N
2024,101,Spring,2.4409482518,0.6512401535,1.7896912323,7.8,-0.6,4.12,13.208,4.969787234,4.67,6.190507508,N
2024,102,Spring,2.1913219007999998,0.25097000999999997,1.9403506961,6.7,5,2.79,5.334,6.658680556,4.67,5.628596238,N
2024,103,Spring,1.781048088,-0.7503991628,2.5314479628,11.7,6.7,2.41,21.844,11.72847222,4.67,6.258346813,N
2024,104,Spring,0.8335202882,-1.3414835266,2.1750008975,13.3,6.1,14.12,0.254,9.31875,4.46,8.187612154,N
2024,105,Spring,0.6462507368,-1.4948855342,2.1411827659,16.1,3.9,17.68,0,9.584027778,4.46,8.197764338,N
2024,106,Spring,0.22486092479999997,-2.0656681569,2.2905412033,16.7,2.8,17.1,0,11.16458333,4.46,8.648908229,N
2024,107,Spring,-1.220002689,-3.4448681935,2.2248468613,18.3,1.7,20.57,0,11.18333333,4.46,9.270604704,N
2024,108,Spring,-1.5961523036,-3.2890314737,1.6928813233,11.7,1.7,21.1,0,7.130208333,4.46,9.1987676,N
2024,109,Spring,-1.079316965,-2.7148819248,1.6355653957,10,2.2,9.61,0,7.199652778,4.46,7.900310771,N
2024,110,Spring,-3.6137334814,-5.3569229861,1.7431827942,10.6,6.7,16.46,0,8.858680555,4.46,7.558723696,N
2024,111,Spring,-2.7891220406,-4.6318184896,1.8427021178,13.3,5,8.22,8.89,10.24652778,4.21,8.092866517,N
2024,112,Spring,-5.855922864,-7.313479632,1.4575824834,11.1,0.6,17.9,0.254,6.791666667,4.21,7.591038,N
2024,113,Spring,-6.7663680479999995,-8.0663200704,1.3000249577,12.2,0.6,24.9,0,5.511805556,4.21,7.674863438,N
2024,114,Spring,-6.378232896,-7.7435421984,1.3653205311,11.7,-2.2,23.45,0,6.803125,4.21,6.183535508,N
2024,115,Spring,-3.8760576192,-5.2002601861999995,1.324131922,13.9,0,9.68,1.27,7.085416667,4.21,7.187801617,N
2024,116,Spring,-5.220102672,-6.2745290496,1.0544720268,11.1,-2.8,25.03,0,4.099652778,4.21,5.871718346,N
2024,117,Spring,-7.6623732,-8.7774516,1.1151589593,13.9,-3.3,24.81,0,5.571875,4.21,5.558009083,N
2024,118,Spring,-7.3350575654,-8.551991146,1.2169149487,15,-2.2,21.81,0,7.9717021280000004,3.86,6.928798933,N
2024,119,Spring,-5.132385504,-6.527745936,1.3952932318,11.1,6.7,14.83,2.286,11.36631945,3.86,8.330548858,N
2024,120,Spring,-6.189470496,-7.7267106576,1.537210088,21.1,7.2,17.56,0,14.07430556,3.86,9.333790075,N
2024,121,Spring,-4.750031808,-5.839237512,1.0891763806,10,6.1,5.23,3.556,8.636111111,3.86,11.08919679,N
2024,122,Spring,-3.5049161376,-4.4667140256,0.9617570174,8.9,5.6,5.42,3.556,7.581597222,3.86,7.730213421,N
2024,123,Spring,-3.226849488,-4.304136528,1.0773245242,9.4,7.2,10.11,8.128,10.53854167,3.86,7.748475646,N
2024,124,Spring,-5.999907168,-7.043197536,1.043309777,15.6,5,16.26,0.254,10.99479167,3.86,7.510475413,N
2024,125,Spring,-4.8505875409999994,-5.759368272,0.9087498681,12.8,5,14.43,0,9.30625,3.44,9.96699295,N
2024,126,Spring,-4.202921779,-5.085935568,0.8830448615,11.7,6.7,7.3,4.572,8.680902777,3.44,9.328956863,N
2024,127,Spring,-5.892271776,-7.1165936448,1.2243023629,17.2,8.9,18.45,5.588,14.38229167,3.44,8.2384201,N
2024,128,Spring,-5.0323515408,-6.7104749374,1.6780710645,21.7,7.8,25.69,0,16.35347222,3.44,10.23081614,N
2024,129,Spring,-2.358526896,-3.95588448,1.5973687583,12.2,6.1,5.59,6.35,10.79201389,3.44,12.42749303,N
2024,130,Spring,-4.5444273698,-6.5402722944,1.9959097459,14.4,4.4,9.61,0,11.29375,3.44,9.43622615,N
2024,131,Spring,-5.210390448,-7.29001944,2.0796592681,13.3,3.9,19.44,0,9.017361111,3.44,9.317787433,N
2024,132,Spring,-4.716647107,-6.9274922112,2.2109247574,12.8,1.1,16.67,0.762,7.330555556,3.01,8.505242908,N
2024,133,Spring,-4.873168656,-7.8618682685,2.988696428,16.1,2.2,13.91,0.762,9.137847223,3.01,8.548768613,N
2024,134,Spring,-3.7946012976,-7.6572216,3.8626528175,16.7,6.1,25.13,0,11.68541667,3.01,9.970972938,N
2024,135,Spring,-2.881447344,-7.74316584,4.8616321124,18.3,10.6,22.12,0,17.53229167,3.01,11.36783499,N
2024,136,Spring,-3.11391864,-7.694577504,4.5806242259,21.7,8.3,9.69,0,17.43194444,3.01,12.09315643,N
2024,137,Spring,-3.670104038,-7.601654304,3.9315897445,19.4,8.9,16.08,0,15.20138889,3.01,14.13728612,N
2024,138,Spring,-3.697847329,-7.25976108,3.5619542797,18.3,8.3,22.09,0,14.57673611,3.01,12.86797231,N
2024,139,Spring,-1.544833814,-4.723947216,3.1790770879,14.4,11.7,7.18,3.556,13.60243056,2.34,13.70847092,N
2024,140,Spring,-0.6668553738,-3.530336271,2.8634856396,13.3,11.1,8.79,2.54,12.92534722,2.34,12.62996445,N
2024,141,Spring,-4.525679434,-7.43848272,2.9127468873,17.2,11.1,18.63,0,14.49791667,2.34,10.96919276,N
2024,142,Spring,-3.2518322212,-7.7888533392,4.5370417015,20,10.6,20.12,0,17.97534722,2.34,12.67775498,N
2024,143,Spring,-3.8452988739999996,-11.49160573,7.6463737457,28.9,13.9,24.02,0,23.83958333,2.34,14.93798726,N
2024,144,Spring,-5.095258136,-13.7382340032,8.6429088532,28.9,15.6,14.1,0,22.40173611,2.34,18.64376857,N
2024,145,Spring,1.7536229132,-6.87987432,8.6335003672,27.8,11.1,25.24,0,20.68784722,2.34,19.09453353,N
2024,146,Spring,-2.2825514879999997,-9.884874528,7.6023262828,20,9.4,26.34,0,16.52361111,2.01,17.9291715,N
2024,147,Spring,-1.272249634,-9.4395844154,8.167396460800001,22.8,12.2,21.87,0.254,18.23715278,2.01,16.26549683,N
2024,148,Spring,3.5874412700000002,-3.16926432,6.7566876438,15.6,10.6,3.7,11.684,14.48229167,2.01,15.19520848,Y
2024,149,Spring,-2.8916234064,-12.0252531312,9.1337059528,27.2,14.4,21.25,8.128,21.70451389,2.01,13.68703739,Y
2024,150,Spring,-0.31401431999999985,-7.9827646176,7.6687331322,22.8,11.7,24.77,0,17.75208333,2.01,17.06125158,N
2024,151,Spring,-0.10398805899999998,-6.2433266832,6.1393570496,16.1,9.4,8.69,0,13.23090278,2.01,16.51457112,N
2024,152,Spring,0.09905185420000012,-6.7223858256,6.8214132978,23.9,8.3,25.86,0,15.64548611,2.01,14.47846628,N
2024,153,Spring,0.584549136,-7.0820670384,7.6666137987,25.6,8.3,27.35,0,17.42083333,1.58,15.85635528,N
2024,154,Spring,-2.0189967986,-10.6525822898,8.6335087419,25.6,7.2,25.61,0,19.02430556,1.58,16.02260996,N
2024,155,Spring,1.6646608075999998,-7.1709544944,8.8355944318,20.6,12.8,25.66,0,18.46354167,1.58,17.78143081,N
2024,156,Spring,-0.08873349120000006,-8.604634666,8.5158706456,20.6,10.6,24.55,0,16.82201389,1.58,16.65033875,N
2024,157,Spring,3.6048878928,-6.0670474846,9.671948651,26.7,13.3,17.6,1.016,19.47638889,1.58,16.86530584,N
2024,158,Spring,3.9027153024,-5.241300437,9.1440207507,22.2,13.9,7.62,0,17.82048611,1.58,18.98145445,N
2024,159,Spring,2.4408459648000003,-6.861285792,9.3020653263,17.2,13.3,17.67,2.032,17.85034722,1.58,17.32664897,N
2024,160,Spring,2.890802261,-6.4896275954,9.3803631185,22.8,13.3,21.85,4.572,17.38298611,1,15.84846267,Y
2024,161,Spring,7.8036366820000005,-0.8434055659999999,8.6470769642,18.3,11.7,9.5,8.128,14.84166667,1,17.44418488,Y
2024,162,Spring,1.9011853440000002,-7.511258304,9.4124599857,23.3,11.1,22.77,0,16.625,1,15.18842214,Y
2024,163,Spring,2.1351278590000002,-6.6403536914,8.7755031252,21.7,9.4,16.74,0,15.98298611,1,16.46258315,Y
2024,164,Spring,4.601238826,-4.390761168,8.9918859506,21.7,12.2,16.7,0,17.50888889,1,16.77539725,Y
2024,165,Spring,1.3439844,-8.2432567296,9.5872903945,23.9,13.9,27.33,0,20.18541667,1,17.33320516,N
2024,166,Spring,6.6876026878,-2.747221531,9.4348518718,24.4,15.6,9.07,0,20.88506944,1,18.91113434,N
2024,167,Spring,3.028145472,-5.1538796902,8.1821016388,22.2,12.2,27.56,3.556,18.27430556,0.84,18.82937011,N
2024,168,Spring,1.09352255,-5.793887102,6.8873400303,21.1,8.9,26.8,0,15.08858156,0.84,17.27071279,N
2024,169,Spring,3.87773879,-4.940751816,8.8185036119,21.1,13.3,21.76,0,20.76701389,0.84,17.09647649,N
2024,170,Spring,2.289783946,-8.117846957,10.4076553076,29.4,16.1,23.85,0,25.25833333,0.84,17.4624166,N
2024,171,Spring,2.652246828,-8.4998143022,11.1521297922,32.2,18.9,20.33,0,27.27430556,0.84,21.25104674,N
2024,172,Spring,3.82660187,-7.004177179,10.8307790811,34.4,21.7,19.8,3.048,26.29930556,0.84,23.9972117,N
2024,173,Summer,5.5067439168,-3.5455947262,9.0522825005,23.3,18.3,16.29,1.016,21.29930556,0.84,24.88657277,N
2024,174,Summer,6.567115824,-0.968356944,7.5354571891,18.9,15,6.28,11.43,16.91527778,0.38,21.45218049,N
2024,175,Summer,7.782063725,-0.8752078508000001,8.6572677772,21.1,15,6.47,9.398,20.359375,0.38,16.61000977,N
2024,176,Summer,1.69609801,-7.6621857987999995,9.3582814365,26.1,17.8,19.85,5.842,22.07326389,0.38,18.50671285,N
2024,177,Summer,3.0907974815999997,-6.3893717827,9.4801947581,30.6,15.6,26.67,0,22.54722222,0.38,19.80752335,N
2024,178,Summer,2.2644718989999997,-8.062463952,10.3269052607,30.6,20,23.06,0,24.88368056,0.38,21.76456603,N
2024,179,Summer,3.4681150512,-5.486154819,8.9542784695,27.8,12.8,21.49,1.016,20.87777778,0.38,21.96909231,N
2024,180,Summer,2.6377583908,-4.9606229952,7.598393901,23.3,10,26.83,0,16.95416667,0.38,19.68369065,N
2024,181,Summer,4.7713539884,-2.8705640546,7.6419587659,17.8,14.4,6.96,6.096,17.32777778,0.86,18.35326285,N
2024,182,Summer,2.42107704,-7.7591774022,10.1802644572,29.4,17.2,13.79,1.778,24.41388889,0.86,17.54279479,N
2024,183,Summer,4.042886256,-4.7429774208,8.785835733599999,27.2,17.8,19.05,2.286,20.46006944,0.86,21.08782223,N
2024,184,Summer,1.4524767072,-7.123422528,8.5758759462,27.8,14.4,26.49,0,20.16111111,0.86,20.18147303,Y
2024,185,Summer,3.2587450851999997,-5.2821092736,8.5408325702,27.8,14.4,25.99,0,20.55451389,0.86,21.07993469,Y
2024,186,Summer,2.4384334608,-6.501696336,8.9401959898,25.6,16.1,19.37,0,22.27395833,0.86,20.91696574,Y
2024,187,Summer,4.3281394844,-5.118536448,9.4466676322,26.7,17.2,17.33,0,24.23506945,0.86,20.48012188,Y
2024,188,Summer,4.1790098012,-5.7607356814,9.9397601176,26.7,20,15.9,0.762,26.15104167,1.26,20.27765935,Y
2024,189,Summer,3.3809762224,-6.3905469692,9.7715446118,30,18.9,21.46,0,25.54583333,1.26,21.324219,Y
2024,190,Summer,2.7154390752,-6.7712817020000005,9.4866974536,28.3,17.8,25.35,0,24.5690625,1.26,22.2371816,N
2024,191,Summer,1.725365318,-7.9591920616,9.6846595654,31.7,17.8,18.57,16.51,25.02708333,1.26,22.00265401,N
2024,192,Summer,3.385176624,-7.2214767216,10.6066842672,30.6,21.1,18.3,0,27.13020833,1.26,23.07910054,N
2024,193,Summer,3.7825990416,-7.5023384544,11.2849525349,28.3,20,18.54,1.778,27.14618056,1.26,23.49544169,N
2024,194,Summer,3.3098516780000002,-8.391670243,11.7016138377,30,20,22.78,0,26.50590278,1.26,23.100604,N
2024,195,Summer,4.9154440468,-6.7624994880000004,11.6780028811,29.4,19.4,16.83,41.91,24.87986111,2.01,23.79899623,N
2024,196,Summer,5.7491945428,-6.0631777584,11.812322336,31.7,18.9,23.17,0,23.83541667,2.01,23.20330073,N
2024,197,Summer,3.4035303169999995,-9.7636062094,13.1671544579,33.3,17.8,20.76,0,25.71076389,2.01,23.82877503,N
2024,198,Summer,6.958224518,-7.374706301,14.3329275418,32.8,20,24.14,0,26.93055556,2.01,24.20747783,N
2024,199,Summer,5.8321485212,-8.4286810876,14.2608645777,30.6,21.7,22.71,6.858,25.56145833,2.01,24.87863565,N
2024,200,Summer,5.72780471,-7.860206304,13.5880863132,31.1,19.4,21.67,0.762,23.91638298,2.01,24.27931747,N
2024,201,Summer,3.621713213,-7.7457708,11.3674344332,27.2,15.6,25.32,0,20.90243056,2.01,23.37519989,N
2024,202,Summer,4.3850240348,-6.794384976,11.1793959512,29.4,14.4,22.97,0,22.47805556,1.59,22.0128151,N
2024,203,Summer,3.7404760608000003,-6.523462526,10.263905512,26.7,15.6,22.06,0,22.11458333,1.59,22.58542912,N
2024,204,Summer,2.7355151519999996,-6.143573394700001,8.8791750192,26.1,13.3,23.63,0,21.50850694,1.59,21.64373805,N
2024,205,Summer,5.0334172412,-2.5059003702,7.5393257958,23.9,18.9,5.82,17.018,20.69027778,1.59,22.01348903,N
2024,206,Summer,5.6411750158,-0.57687305759999985,6.2180648894,22.2,18.9,10.42,4.826,19.79756944,1.59,19.9239123,N
2024,207,Summer,3.3828733730000002,-2.301741878,5.6846139211,25.6,17.8,12.63,0.762,21.33888889,1.59,19.96653138,N
2024,208,Summer,3.6300518068,-1.62104328,5.2511031851,28.9,15,24.52,0,20.90416667,1.59,20.39579671,N
2024,209,Summer,2.2603704479999998,-2.6371557506,4.8976094094,28.9,15.6,22.05,0,20.65534722,1.78,21.39986063,N
2024,210,Summer,2.2513471779999996,-2.292324754,4.5436224955,27.8,15,20.56,0,20.51076389,1.78,22.14082362,N
2024,211,Summer,2.2825557646,-1.758660984,4.0412450691,21.1,17.2,15,1.016,18.9557037,1.78,21.84554189,N
2024,212,Summer,3.0734173442,-1.630844928,4.7042130537,26.7,17.8,12.76,3.81,24.58527132,1.78,19.7113294,N
2024,213,Summer,4.714015709,0.36086965799999987,4.3531059967,25,19.4,8.42,0,24.00833333,1.78,21.45622153,N
2024,214,Summer,-1.5540733742000004,-5.969884032,4.4158888143,31.7,19.4,15.93,0,26.00972222,1.78,21.73456854,N
2024,215,Summer,-1.4485568256,-5.496813187,4.0482036171,31.1,21.1,13.55,0,25.31736111,1.78,24.24104716,N
2024,216,Summer,0.8848266465999999,-2.80665,3.691517424,28.9,21.1,10.91,21.336,24.609375,0.75,24.60444921,N
2024,217,Summer,0.964383408,-2.262730464,3.2271451780000002,25,20,5.36,49.276,22.7,0.75,23.62694447,N
2024,218,Summer,-2.318338973,-5.387084496,3.0687259781,29.4,17.8,15.64,0,23.50208333,0.75,23.16475449,N
2024,219,Summer,1.7585536750000001,-0.6208280639999998,2.3793473382,21.7,16.7,4.79,8.636,18.88993056,0.75,22.6327479,N
2024,220,Summer,0.6043518864,-1.4719124306,2.0763202847,23.3,14.4,15.66,0.762,17.79652778,0.75,19.6736936,N
2024,221,Summer,-0.4711229570000002,-3.9114897408,3.4403615041,24.4,12.8,13.95,0,17.49166667,0.75,19.56919505,N
2024,222,Summer,3.5615798506,-3.999059554,7.5606335829999995,22.8,16.1,3.64,18.034,21.76284722,0.75,20.2652476,N
2024,223,Summer,-1.7776219824,-13.21371792,11.4360653625,30,18.9,15.65,7.112,23.91840278,1.59,20.3142652,N
2024,224,Summer,0.3185418959999998,-11.6034774869,11.9219681548,27.2,15,15.64,0,20.49791667,1.59,22.43454387,N
2024,225,Summer,3.675318624,-8.8436214724,12.5188800845,24.4,15.6,12.4,0,18.26284722,1.59,21.27999395,N
2024,226,Summer,1.3326112224,-12.671506382,14.0040757275,26.7,13.9,15.87,0,19.175,1.59,20.07634634,Y
2024,227,Summer,4.116801024,-8.9929090082,13.1098208049,26.7,15.6,14.11,0,19.85381945,1.59,21.07976939,Y
2024,228,Summer,3.391723239,-7.467782688,10.8595350512,19.4,15,6,31.75,18.11631945,1.59,21.34322,Y
2024,229,Summer,2.9547629712,-6.764422493,9.7191393798,22.2,15,8.53,0,18.54097222,1.59,19.13160985,Y
2024,230,Summer,2.391423264,-5.934098102,8.325409921,21.7,15.6,7.93,0,18.48229167,2.02,19.84405035,Y
2024,231,Summer,6.8148315796,-0.36479782059999993,7.1796195129000004,22.8,17.8,3.18,1.016,19.09444445,2.02,19.32399902,Y
2024,232,Summer,3.833437752,-2.41224778,6.2457087177,23.3,18.3,6.35,0,20.796875,2.02,19.39483159,Y
2024,233,Summer,1.627583673,-3.6448032280000002,5.2723430338,22.2,15.6,6.51,10.668,16.23541667,2.02,19.35073879,Y
2024,234,Summer,1.912454323,-5.535520949,7.4480117999,21.1,13.3,13.11,0,15.92743056,2.02,17.87594884,N
2024,235,Summer,1.49373072,-7.3674944498,8.8612369426,21.1,11.1,13.91,0,15.99444444,2.02,17.93200963,N
2024,236,Summer,1.6340902412,-7.6533210026,9.2874128617,25.6,11.1,13.89,0,18.00833333,2.02,18.08090363,N
2024,237,Summer,2.9160423796,-6.1669305936,9.0829726033,26.1,13.9,15.02,0,18.66909722,1.61,18.79318772,N
2024,238,Summer,0.7766194460000001,-8.2172946876,8.993963068,26.1,13.9,13.29,0.762,19.809375,1.61,20.12518591,N
2024,239,Summer,3.1873149432,-5.0982014308,8.2854595423,24.4,15,11.33,3.048,19.12534722,1.61,20.31308135,N
2024,240,Summer,3.21954277,-4.7635517448,7.9830199969,24.4,15,14.88,0,19.6725,1.61,19.4315951,N
2024,241,Summer,2.6772843820000003,-6.2976758686,8.9749265884,29.4,15.6,13.89,0,22.13819445,1.61,20.47938945,N
2024,242,Summer,1.5705327172,-5.972310144,7.5428429539,22.2,11.1,16.05,0,16.11354167,1.61,20.21097844,N
2024,243,Summer,0.9951118271999999,-6.3323070624,7.3274776837,21.1,9.4,16.01,0,14.54201389,1.61,18.11190695,N
2024,244,Summer,2.0337156,-6.9547585988,8.9885306809,22.8,11.7,6.75,4.318,18.3625,1.22,17.94228897,N
2024,245,Summer,2.1259953358,-9.2354279852,11.361399090799999,26.7,19.4,10.61,0.508,23.16354167,1.22,18.74894358,N
2024,246,Summer,0.5443207779999999,-9.3144955968,9.8588113007,23.9,11.7,14.53,0,18.43854167,1.22,20.46775461,N
2024,247,Summer,0.16036639199999986,-8.392356086,8.552725674,22.2,7.8,15.72,0,14.36736111,1.22,18.43027139,N
2024,248,Summer,1.4584230144,-8.4188574716,9.8771566456,25.6,10,15.13,0,16.671875,1.22,17.45102589,N
2024,249,Summer,-0.9553850203999998,-10.9372390992,9.9818419441,24.4,10.6,14.92,0,16.17013889,1.22,19.08490652,N
2024,250,Summer,-1.1053622879999998,-10.8740334386,9.7686452291,20,11.1,7.41,0,16.31014184,1.22,18.28604533,N
2024,251,Summer,-0.4457630879999999,-10.5276197526,10.0819012374,23.9,12.2,11.53,0.508,18.05868056,1.26,17.7662941,N
2024,252,Summer,0.469118304,-7.0147692576,7.4838788913,20,11.7,14.34,0,14.32638889,1.26,18.26915004,N
2024,253,Summer,-2.1504667964000004,-8.6747578175,6.5242302198,23.3,8.9,14.9,0,15.26770833,1.26,16.9809166,N
2024,254,Summer,-1.6677366048000002,-7.907888736,6.2401382823,22.2,8.9,14.79,0,15.69513889,1.26,17.50320206,N
2024,255,Summer,-2.6854882558,-8.786788632,6.1013969150000005,23.9,6.1,13.64,0,14.35833333,1.26,17.07072984,N
2024,256,Summer,-2.759654966,-9.7310762473,6.9713905424,23.3,8.3,13.47,0,16.64236111,1.26,17.92188415,N
2024,257,Summer,-1.258634246,-9.0901525149,7.8315992474,27.2,12.2,12.13,0,18.68333333,1.26,18.21985779,N
2024,258,Summer,-3.704960736,-11.594045938,7.8889714038,24.4,12.8,13.22,0,18.14861111,0.69,19.62567037,N
2024,259,Summer,-3.534219604,-11.4009355872,7.8667468495,24.4,10.6,13.16,0,17.28958333,0.69,18.55626069,N
2024,260,Summer,-4.9170836098,-12.9306132,8.013566687,24.4,10.6,13.27,0,16.96076389,0.69,18.50270869,N
2024,261,Summer,-4.305409065,-12.899898,8.5945252669,28.3,10.6,11.64,0,17.95659722,0.69,19.18663305,N
2024,262,Summer,-5.952945575,-14.7829862592,8.830043542,27.2,12.8,11.07,0,18.11527778,0.69,20.0744517,N
2024,263,Summer,-5.332645891,-14.7982909824,9.4655926662,25,15,10.76,0,19.25729167,0.69,19.56662522,N
2024,264,Summer,-1.3353273796,-10.0986022118,8.7632586191,19.4,14.4,1.67,2.54,16.80173611,0.69,18.99419938,N
2024,265,Summer,1.5358068111,-6.5734178832,8.1092711836,17.8,11.7,2.44,0.508,14.59479167,-0.23,17.5029274,Y
2024,266,Fall,1.29636437,-6.7674131428,8.0637937879,19.4,11.1,5.73,0,13.95208333,-0.23,15.43941015,Y
2024,267,Fall,1.319766048,-6.7069613519999995,8.0267096084,17.8,8.3,6.82,0,13.34574468,-0.23,15.75914281,Y
2024,268,Fall,0.045054144000000185,-7.8442097505,7.8892051501,17.8,7.8,9.6,0,12.5,-0.23,15.3861468,N
2024,269,Fall,2.4100872192000002,-6.3120778281,8.7221165809,16.1,8.9,2.2,0.254,14.18680556,-0.23,15.17812628,N
2024,270,Fall,5.5261104342,-3.889365465,9.4154549506,16.1,13.3,0.41,54.61,15.32083333,-0.23,15.27885843,N
2024,271,Fall,-0.9805710956000001,-11.4187283734,10.4380416331,23.3,12.2,11.42,0,16.91666667,-0.23,14.84385452,N
2024,272,Fall,0.10588851399999978,-9.5878593598,9.6936573459,21.1,11.1,9.17,0,14.90625,0.01,16.34020513,N
2024,273,Fall,1.5749382096,-7.778387698,9.3533476459,20,11.7,9.87,0,13.91555556,0.01,15.94331131,N
2024,274,Fall,-1.1296591776,-10.4264254451,9.2966861811,22.2,10,10.69,0,15.11944445,0.01,16.3597402,N
2024,275,Fall,-0.998391744,-8.7250711811,7.7266365722,17.2,7.8,5.98,0,12.81944444,0.01,16.70283789,N
2024,276,Fall,-1.1241918720000001,-7.968241071,6.8440423212,17.2,8.3,6.73,0,11.94791667,0.01,14.95460918,N
2024,277,Fall,-1.0247033950000002,-8.0128507398,6.9881021269,18.9,9.4,8.21,0,14.01840278,0.01,14.94142049,N
2024,278,Fall,-0.9539130239999999,-7.2893625617,6.3354213543,17.8,7.2,9.42,0,13.87118056,0.01,15.42859675,N
2024,279,Fall,0.05725080000000003,-5.942814454,6.0000605649,21.1,8.3,8.79,0,14.45138889,-0.51,15.63870136,N
2024,280,Fall,-1.076802984,-5.562438739,4.4856437918,15.6,6.1,11.05,0,9.892013889,-0.51,15.49102682,N
2024,281,Fall,5.20712064,0.4791474,4.7280024781,13.9,10,0.52,23.114,11.71944444,-0.51,14.12286275,N
2024,282,Fall,-2.2454832959999997,-6.3258121584,4.0804274932,17.2,4.4,10.97,0,9.499305556,-0.51,13.09295425,N
2024,283,Fall,-0.5775305179999999,-4.32264613,3.7451433209,16.7,3.9,9.77,0,8.963888889,-0.51,12.24996846,N
2024,284,Fall,-0.8446963827999999,-4.4654133343,3.6207454506,15,4.4,9.19,0,8.902083333,-0.51,12.20311126,N
2024,285,Fall,-0.5709959572000001,-4.9185762192,4.3476189052,17.8,3.9,10.69,0,11.09409722,-0.51,11.49502716,N
2024,286,Fall,-0.10773181440000006,-5.1732155693,5.0655303098,17.8,3.3,10.51,0,12.82916667,-0.73,13.21580403,N
2024,287,Fall,0.35110661800000004,-3.2490561892,3.6002400535,12.8,3.3,0.7,6.858,6.405208333,-0.73,12.47700906,N
2024,288,Fall,2.34911016,-0.8122509836,3.1613740438,8.9,3.3,0.44,10.414,7.384722222,-0.73,10.89769897,N
2024,289,Fall,-1.3184935055999998,-3.3352068818,2.0167082287,12.2,1.1,7.25,0,5.589583334,-0.73,8.963660175,N
2024,290,Fall,-1.257169637,-2.4739141824,1.2167460852,12.8,0.6,9.27,0,5.726041667,-0.73,9.330345413,N
2024,291,Fall,-1.54425528,-2.050737264,0.5064928779,14.4,-1.7,9.95,0,4.422222222,-0.73,8.956071479,N
2024,292,Fall,-2.1353234255999998,-2.8369469678,0.7015920611,17.2,0.6,7.87,0,7.727430556,-0.73,8.958946479,N
2024,293,Fall,-3.2482995839999997,-4.13137908,0.8830826531,18.9,2.2,9.29,0,8.752777778,-1.07,9.253064725,N
2024,294,Fall,-3.561031253,-4.6779082416,1.1168485672,20,1.1,9.41,0,10.53715278,-1.07,11.24938101,N
2024,295,Fall,-3.2659689884,-4.851833256,1.585842728,25.6,6.1,8.78,0,15.32708333,-1.07,12.58906453,N
2024,296,Fall,-3.1737915072,-4.8078473396,1.6340878389,19.4,8.3,8.4,0,13.80277778,-1.07,15.06739579,N
2024,297,Fall,-2.237199912,-4.3345785563,2.097363824,18.3,10,7.45,0,16.47777778,-1.07,13.68036041,N
2024,298,Fall,-2.7580882190000002,-4.9751368986,2.2170162581,20.6,7.8,6.19,0.254,14.31631945,-1.07,14.64666392,N
2024,299,Fall,-1.5228603934,-3.3162820416,1.7934572271,15,4.4,8.63,0,7.817013889,-1.07,13.56534475,N
2024,300,Fall,-2.6490164832,-4.7879817984,2.138978923,17.2,2.8,5.98,0,8.853819445,-1.84,11.5340744,N
2024,301,Fall,-1.797072091,-3.6654581121,1.868403217,11.7,0,8.48,0,5.269097222,-1.84,10.74622243,N
2024,302,Fall,-0.9717107323999999,-2.750444878,1.7787440516,8.9,-3.9,7.63,0,3.288541667,-1.84,8.369822429,N
2024,303,Fall,-0.6098448531999999,-2.8627144541,2.2528570085,10.6,-4.4,2.3,0,5.782986111,-1.84,6.580046592,N
2024,304,Fall,0.905538528,-2.1207071778,3.0262622571,12.8,8.9,0.79,8.382,10.81111111,-1.84,8.020720417,N
2024,305,Fall,-1.6525194433000001,-5.6154170158,3.9629114607,25,8.9,7.21,0,16.1921875,-1.84,10.79576899,N
2024,306,Fall,-0.15348190999999997,-4.4801983518,4.3267125731,23.3,11.1,4.84,0,18.27517731,-1.84,15.32989401,N
2024,307,Fall,-1.205768722,-3.5503006846,2.3445061693,11.7,-1.7,4.46,0,6.279861111,-2.17,14.40029932,N
2024,308,Fall,-1.3594310352,-2.9400052892,1.5805793863,8.9,-4.4,7.57,0,0.954861111,-2.17,8.660569767,N
2024,309,Fall,-0.6427863215999999,-2.37246122984,1.7296699253,9.4,-3.3,1.96,1.778,2.788194445,-2.17,6.699544525,N
2024,310,Fall,-0.01780004119999994,-3.2795902823,3.2618187164,18.3,9.4,4.46,1.016,14.021875,-2.17,7.431301375,N
2024,311,Fall,0.217291378,-3.864595178,4.0818331139,26.1,15.6,5.67,0,19.63819444,-2.17,11.44776052,N
2024,312,Fall,-0.8552002028000001,-3.7620958292,2.9069179274,18.3,2.2,3.6,0,12.21006944,-2.17,15.1642573,N
2024,313,Fall,-0.5623957014000001,-3.0684399272,2.5060171964,15,0.6,6.26,0.254,8.080555556,-2.17,11.75296427,N
2024,314,Fall,-1.6324619472,-3.8997597326,2.2673022429,9.4,-1.7,7.14,0,5.150694444,-2.62,9.961892692,N
2024,315,Fall,-0.7354124786,-3.1130943836,2.3776805213,12.8,-4.4,5.32,0,4.452430555,-2.62,6.607442475,N
2024,316,Fall,0.5143186372000002,-3.3203186805000002,3.8346480282,19.4,8.3,5.88,0.254,12.24078014,-2.62,7.834780625,N
2024,317,Fall,-0.35559920120000005,-3.2409564745,2.8853748851,11.1,0.6,6.49,0,6.911458333,-2.62,10.82402827,N
2024,318,Fall,-1.5616525248,-3.3620986189999997,1.8004521321,6.1,-2.2,6.78,0,0.515625,-2.62,7.343400571,N
2024,319,Fall,-1.0345089318,-2.6469063871,1.612410835,7.2,-4.4,6.68,0,-0.757986111,-2.62,4.3413559,N
2024,320,Fall,-0.95155884,-3.0179252163,2.0663652628,13.9,-5.6,6.66,0,3.615625,-2.62,3.616560875,N
2024,321,Fall,-0.10895109059999997,-2.3788543316,2.2699040808,12.2,1.7,5.69,0,7.402430555,-2.99,6.403616846,N
2024,322,Fall,-0.8116192222,-2.7303743222,1.9187533066,15,-0.6,6.27,0,6.686805556,-2.99,7.499637854,N
2024,323,Fall,-0.27195821259999997,-2.0379466745,1.7659759294,15,1.1,5.4,0,8.012152778,-2.99,7.453038788,N
2024,324,Fall,-0.8709275519999999,-2.5972659858,1.7263321551,12.8,3.3,6,0,7.34375,-2.99,7.695326746,N
2024,325,Fall,-0.2733368976,-1.862566851,1.5892418193,12.2,0,5.74,0,4.696527778,-2.99,7.682688646,N
2024,326,Fall,0.38295128159999997,-1.5220485526,1.9050034999,8.3,5,0.51,0.254,6.517013889,-2.99,8.352676654,N
2024,327,Fall,-0.13936769260000004,-2.4271734642,2.2877949809,11.1,6.1,4.03,12.192,8.347569444,-2.99,7.662482192,N
2024,328,Fall,-0.5879169216,-2.4369890286,1.8490795538,7.8,2.8,1.17,9.398,6.313971631,-3.42,8.182150779,N
2024,329,Fall,-0.29586630259999996,-1.7858161198016,1.4899480304,7.8,0.6,3.52,0,5.638194445,-3.42,6.277060438,N
2024,330,Fall,-0.9183004996,-1.9085095574,0.9902237478,8.3,-2.2,5.5,0,2.689583333,-3.42,5.776230108,N
2024,331,Fall,0.5559626548000001,-0.10044453519999996,0.6564032174,5,-5,0.12,10.668,-0.185416667,-3.42,4.551914463,N
2024,332,Fall,-1.2371390498000001,-1.9145779492,0.6774364498,7.2,-1.7,3.98,0,0.860763889,-3.42,3.997708908,N
2024,333,Fall,0.8000677812,0.1316319332,0.6684363284,6.1,-1.1,0,27.686,1.868055556,-3.42,4.533717088,N
2024,334,Fall,-1.7986912872,-2.4348582518,0.6361791514,6.7,0,3.49,0,1.963194445,-3.42,4.162333421,N
2024,335,Fall,-1.0546009478,-1.553867037,0.49927490680000003,5,-2.2,4.75,0,-0.006597222,-3.88,3.751165004,N
2024,336,Fall,-1.165538419,-1.5646507948,0.3991122159,3.3,-4.4,4.61,0,-1.715625,-3.88,2.879263813,N
2024,337,Fall,-1.3745833496,-1.7313481175,0.3567643765,3.3,-7.8,5.13,0,-2.887152778,-3.88,1.898469529,N
2024,338,Fall,-0.40060046880000005,-0.7577750878,0.35717741470000003,2.8,-8.3,3.25,0,-2.840625,-3.88,1.106336208,N
2024,339,Fall,-2.2282407932,-2.6651923513,0.4369546804,3.9,-6.7,5.04,3.81,-0.399305556,-3.88,0.626369729,N
2024,340,Fall,-0.292091832,-0.7716511100259,0.4795629028,4.4,-0.6,1.23,13.716,0.720486111,-3.88,1.361706038,N
2024,341,Fall,-0.9162736848,-1.2595662777,0.3432906681,0,-8.3,4.98,0,-3.291319444,-3.88,1.634362783,N
2024,342,Fall,-0.6990515132,-1.04973297,0.3506759361,0.6,-9.4,3.5,0,-2.982638889,-3.17,-0.074784354,N
2024,343,Fall,-0.3803796531,-0.918942293,0.5385595239,4.4,-2.2,1.92,5.588,2.230902778,-3.17,-0.569447579,N
2024,344,Fall,-0.3023925227,-0.80592058,0.5035292388,1.7,-3.3,1.33,7.62,1.244444445,-3.17,0.63610865,N
2024,345,Fall,-0.980409352,-1.369941075,0.3895364495,-1.7,-4.4,0.24,0,-1.65,-3.17,0.585830946,N
2024,346,Fall,-2.580949656,-3.279138033,0.6981941476,13.3,-1.7,0.01,59.69,5.710416666,-3.17,0.532409921,N
2024,347,Fall,-1.028029968,-1.58691279042,0.5588926945,11.7,-2.8,3.82,3.302,2.23125,-3.17,7.123698179,N
2024,348,Fall,-1.0863204192,-1.3894693344,0.3031450389,0,-7.2,4.66,0,-4.530555556,-3.17,2.939384708,N
2024,349,Fall,-1.0509205676,-1.3267430643,0.275827259,0.6,-10.6,5.12,0,-5.612847222,-2.63,0.298894504,N
2024,350,Fall,-0.9290265691,-1.20289131,0.2738700707,-0.6,-11.7,4.45,0,-5.644097222,-2.63,-0.429788975,N
2024,351,Fall,-0.5370600327,-1.004212081,0.4671466176,6.7,-5,1.63,2.54,0.465277778,-2.63,-0.710808817,N
2024,352,Fall,-2.01362397,-2.88446521,0.8708402779,13.3,5.6,4.45,16.002,9.407986112,-2.63,1.530600488,N
2024,353,Fall,-3.260373768,-3.841777745,0.5814275148,8.9,-1.7,4.03,5.588,3.207638889,-2.63,5.651415763,N
2024,354,Fall,-1.113995592,-1.6352406141,0.5212489617,5.6,-4.4,4.21,4.572,1.672916667,-2.63,4.255888867,N
2024,355,Fall,0.0076084267999999965,-0.3325100419,0.3401298605,-2.8,-6.1,0.71,0,-3.209027778,-2.63,2.093513738,N
2024,356,Winter,-0.8833279396,-1.1502824509,0.2669580156,-2.2,-9.4,4.23,0,-5.774652778,-2.85,0.039516704,N
2024,357,Winter,-1.0345858081,-1.1645364431,0.1299512796,-7.8,-12.8,5.06,0,-11.54270833,-2.85,-1.081535088,N
2024,358,Winter,-0.7890132713,-0.966010186,0.176995617,-3.9,-15,3.63,0,-9.848611111,-2.85,-3.585024254,N
2024,359,Winter,-1.508603095,-1.842060918,0.333450743,-0.6,-6.7,2.85,4.064,-3.496180555,-2.85,-2.432975521,N
2024,360,Winter,-3.550169736,-3.8522628648,0.302115889,-2.2,-10.6,5.05,0,-4.71875,-2.85,-1.662133267,N
2024,361,Winter,-1.203087168,-1.567025006,0.3639283085,1.7,-8.9,4.98,0,-2.750694444,-2.85,-1.961398829,N
2024,362,Winter,-1.0709196628,-1.3861444723,0.3152384019,2.8,-11.1,4.8,0,-4.573958333,-2.85,-1.766662346,N
2024,363,Winter,-0.1485212108,-0.586532495,0.4380079548,1.7,-5,0.98,0,-0.325,-3.02,-1.65714875,N
2024,364,Winter,-0.2033162041,-0.722922359,0.519610458,3.9,0,1.15,2.54,1.814930556,-3.02,-1.260671996,N
2024,365,Winter,-0.1673769523,-0.926463743,0.7590893296,10,1.7,0.61,17.526,7.145138889,-3.02,0.54156265,N
2024,366,Winter,-1.8306702396,-2.4293858902,0.5987065297,10.6,-1.7,4.52,0,3.527192982,-3.02,3.649916588,N
2024,367,NA,NA,NA,NA,NA,NA,NA,NA,NA,-3.02,2.979798892,NA
